ImageNumber,ObjectNumber,Metadata_Assay,Metadata_Date,Metadata_FileLocation,Metadata_Frame,Metadata_Magnification,Metadata_Plate,Metadata_Series,Metadata_Well,Metadata_Well,Metadata_wavelength,FileName_RawBF,FileName_RawRFP,FileName_well_mask,PathName_RawBF,PathName_RawRFP,PathName_well_mask,Location_Center_X,Location_Center_Y,Number_Object_Number,Worm_Angle_1,Worm_Angle_10,Worm_Angle_11,Worm_Angle_12,Worm_Angle_13,Worm_Angle_14,Worm_Angle_15,Worm_Angle_16,Worm_Angle_17,Worm_Angle_18,Worm_Angle_19,Worm_Angle_2,Worm_Angle_3,Worm_Angle_4,Worm_Angle_5,Worm_Angle_6,Worm_Angle_7,Worm_Angle_8,Worm_Angle_9,Worm_ControlPointX_1,Worm_ControlPointX_10,Worm_ControlPointX_11,Worm_ControlPointX_12,Worm_ControlPointX_13,Worm_ControlPointX_14,Worm_ControlPointX_15,Worm_ControlPointX_16,Worm_ControlPointX_17,Worm_ControlPointX_18,Worm_ControlPointX_19,Worm_ControlPointX_2,Worm_ControlPointX_20,Worm_ControlPointX_21,Worm_ControlPointX_3,Worm_ControlPointX_4,Worm_ControlPointX_5,Worm_ControlPointX_6,Worm_ControlPointX_7,Worm_ControlPointX_8,Worm_ControlPointX_9,Worm_ControlPointY_1,Worm_ControlPointY_10,Worm_ControlPointY_11,Worm_ControlPointY_12,Worm_ControlPointY_13,Worm_ControlPointY_14,Worm_ControlPointY_15,Worm_ControlPointY_16,Worm_ControlPointY_17,Worm_ControlPointY_18,Worm_ControlPointY_19,Worm_ControlPointY_2,Worm_ControlPointY_20,Worm_ControlPointY_21,Worm_ControlPointY_3,Worm_ControlPointY_4,Worm_ControlPointY_5,Worm_ControlPointY_6,Worm_ControlPointY_7,Worm_ControlPointY_8,Worm_ControlPointY_9,Worm_Length
1,1,dauerProtocol3,20220427,nan,0,m2X,p001,0,B01,B01,nan,20220427-dauerProtocol3-p001-m2X_B01_w1.TIF,20220427-dauerProtocol3-p001-m2X_B01_w2.TIF,wellmask_98.png,/Users/timcrombie/Desktop/CP_test3/raw_images,/Users/timcrombie/Desktop/CP_test3/raw_images,/Users/timcrombie/Desktop/CP_test3/well_mask,1046.711467324291,201.35388409371146,1,0.32711284719059974,-0.03894849135269629,0.016827544315990317,2.942091015256665e-14,0.07130911991529132,1.6653345369377348e-15,0.0,-0.0713091199153113,-0.06804812563780338,0.07210632526089511,-0.07210632526089511,-0.060326224876499746,-2.842170943040401e-14,1.942890293094024e-14,0.0740381356587736,-0.022898524415341015,-0.02875299905258566,-0.09369573210615612,0.02212094703668943,984.0,1039.7493903345592,1046.0,1053.0079689783217,1059.84436508139,1066.6807611844577,1072.810050506339,1078.9393398282202,1085.0686291501015,1091.9050252531695,1099.0343145750508,992.0,1105.4564971157456,1113.0,997.5514718625762,1003.6807611844574,1009.8100505063389,1015.9393398282202,1021.3615223689151,1027.0,1032.9129942314912,123.0,194.7493903345592,202.24264068711955,210.0079689783219,217.84436508138984,225.6807611844577,233.810050506339,241.9393398282203,250.06862915010163,257.90502525316947,265.03431457505076,129.18284271247464,272.4564971157456,280.0,137.55147186257616,145.68076118445754,153.81005050633888,161.93933982822026,170.36152236891508,178.6941125496956,186.91299423149127,213.36248173426415
1,2,dauerProtocol3,20220427,nan,0,m2X,p001,0,B01,B01,nan,20220427-dauerProtocol3-p001-m2X_B01_w1.TIF,20220427-dauerProtocol3-p001-m2X_B01_w2.TIF,wellmask_98.png,/Users/timcrombie/Desktop/CP_test3/raw_images,/Users/timcrombie/Desktop/CP_test3/raw_images,/Users/timcrombie/Desktop/CP_test3/well_mask,1217.1801769911503,340.73097345132743,2,0.07212271387862002,-0.10203031344229219,-0.17934290263334418,0.13117843570848686,-0.060094680246811416,0.05420582420878417,-0.060059115914326,0.06594797195231727,0.032562381510986116,0.02486206548201131,-0.2128434416275493,-0.05080279643185759,0.09549970722878864,-0.08078085412607927,0.0913382345828877,-0.11664960986305584,0.09141061552147267,0.06494574191342206,0.019149798212438895,1174.0,1212.0,1215.0,1219.0991246525582,1225.1275181151177,1229.7416980153039,1235.0,1239.6771645968633,1244.9984512782362,1249.6126311784228,1254.0,1179.0,1258.0,1264.0,1183.2283598003728,1188.0,1191.7496128195592,1196.3637927197456,1200.0,1204.8850457389317,1208.7921188579317,234.0,330.9888067764791,342.2716018834328,353.0991246525582,363.1275181151177,373.7416980153041,384.08907381226254,394.6771645968634,404.9984512782363,415.6126311784227,426.67705047321203,244.4543679822075,437.54563201779257,447.0,255.22835980037283,265.77731750899557,276.7496128195591,287.36379271974556,298.38306214273734,308.88504573893186,319.7921188579317,250.50871588145927
1,3,dauerProtocol3,20220427,nan,0,m2X,p001,0,B01,B01,nan,20220427-dauerProtocol3-p001-m2X_B01_w1.TIF,20220427-dauerProtocol3-p001-m2X_B01_w2.TIF,wellmask_98.png,/Users/timcrombie/Desktop/CP_test3/raw_images,/Users/timcrombie/Desktop/CP_test3/raw_images,/Users/timcrombie/Desktop/CP_test3/well_mask,702.756455399061,331.6299882629108,3,0.0034002918787521264,0.08844274605234115,0.07751632240793471,0.15608999298684134,-1.3322676295501878e-15,0.15134456656211093,-0.07464668311281764,8.881784197001252e-16,0.0,-0.07669788344929285,0.07669788344929285,-0.11461420074905104,0.05336726568251349,0.01067666436931336,0.15132548739656104,0.04985078441401125,0.048129997700072535,0.1493860313733315,0.022154156454291196,606.0,706.8326947828333,715.0,722.0,728.0,732.0,736.0,738.0,741.0,744.0,747.0,617.7591883092038,751.0,754.0,629.6899494936612,642.0493903345591,654.12304473783,666.1390872965261,677.312489168103,688.1929978208663,698.3663996924431,237.0,313.8326947828333,325.4228355337249,337.4964899369958,349.9843579026397,363.3006529930299,376.6169480834201,390.76167029855657,404.49217895131983,418.22268760408315,431.95319625684647,244.7591883092037,445.2694913472367,459.0,252.68994949366117,259.0,266.0,273.1390872965261,282.31248916810296,292.19299782086625,302.36639969244305,299.46298679765255
1,4,dauerProtocol3,20220427,nan,0,m2X,p001,0,B01,B01,nan,20220427-dauerProtocol3-p001-m2X_B01_w1.TIF,20220427-dauerProtocol3-p001-m2X_B01_w2.TIF,wellmask_98.png,/Users/timcrombie/Desktop/CP_test3/raw_images,/Users/timcrombie/Desktop/CP_test3/raw_images,/Users/timcrombie/Desktop/CP_test3/well_mask,1366.0548178413346,362.6561116785836,4,-0.1376766332806568,0.09906066275785444,-0.1042665529874558,-0.07679509138590734,0.10226624122717823,0.045271189919809246,-0.0655364495314803,0.0314750048909765,0.014243264650158613,-0.1277192511566423,0.0,0.0973734847130332,0.04030314856762679,0.05306481946040911,-0.09489056819455088,0.10175823781436827,0.015445617770987796,-0.011098609481137861,-0.15082737065268095,1246.0,1354.499215259084,1366.6668453037587,1377.5918346613144,1390.5878918307353,1403.1697354377834,1415.2385534203845,1427.09078196476,1439.258412009435,1451.5941504443451,1464.0078856611578,1257.7534164823019,1477.418156392952,1490.0,1269.3583850262003,1282.0886765716518,1293.8420930539535,1306.2127196651113,1318.3312520064314,1329.8076639999874,1342.1372405768336,345.0,364.0,365.0,367.0,368.0,368.0,369.23855342038456,371.0,372.0,373.40584955565487,375.0,347.0,375.0,375.0,347.3583850262001,349.0,351.0,353.78728033488875,355.3312520064315,358.0,361.0686202884168,268.2054146358839
1,5,dauerProtocol3,20220427,nan,0,m2X,p001,0,B01,B01,nan,20220427-dauerProtocol3-p001-m2X_B01_w1.TIF,20220427-dauerProtocol3-p001-m2X_B01_w2.TIF,wellmask_98.png,/Users/timcrombie/Desktop/CP_test3/raw_images,/Users/timcrombie/Desktop/CP_test3/raw_images,/Users/timcrombie/Desktop/CP_test3/well_mask,1062.8301533857089,501.7998503554059,5,-5.551115123125783e-15,-0.0060412108747816,0.07085355170472929,0.005489236327179903,0.0,0.0,0.05042184031632191,0.039538869000129706,-0.06472861340141978,0.019855856763846047,0.025133983290052342,0.0098657962551717,-0.019696097795019463,-0.018995897764951475,0.07790818634652696,-0.06842855573157358,0.1381206300125104,-0.0696920742809699,0.06969207428097213,1009.0,1061.2790169994332,1066.0664202043229,1070.9872189340363,1075.1860557351206,1079.2663521588238,1083.346648582527,1087.4269450062302,1091.0,1094.1733242912635,1098.0,1015.0,1101.6268103574835,1105.0,1021.0,1026.897743520602,1033.0,1039.300977055128,1044.795487041204,1050.997103808467,1055.7845070133567,407.0,491.27901699943317,501.066420204323,510.97443786807276,521.1860557351206,531.2663521588238,541.346648582527,551.4269450062302,561.7173477096094,572.1733242912635,582.3586738548047,416.285129166665,592.6268103574834,603.0,425.5702583333299,434.89774352060203,444.1405166666599,453.3009770551278,462.7954870412041,471.99710380846705,481.7845070133568,235.40821081807078
1,6,dauerProtocol3,20220427,nan,0,m2X,p001,0,B01,B01,nan,20220427-dauerProtocol3-p001-m2X_B01_w1.TIF,20220427-dauerProtocol3-p001-m2X_B01_w2.TIF,wellmask_98.png,/Users/timcrombie/Desktop/CP_test3/raw_images,/Users/timcrombie/Desktop/CP_test3/raw_images,/Users/timcrombie/Desktop/CP_test3/well_mask,1206.8373547810545,480.5975573428656,6,-0.0951608970382184,0.0,0.07572350089166618,-0.12820026856751965,0.10100239295305413,-0.10878154955930974,0.06025592428211243,-0.06529612132252871,0.06106757391932521,0.07995204829486632,-0.1410196222141891,-0.030635531154510613,-0.017741084428246554,0.07176875631048836,0.0,0.06774734907805663,0.04964104655894898,0.04975258746990639,0.0452818840679407,1068.0,1192.7731644844946,1206.6828731563687,1220.5925818282428,1234.0880769377438,1248.291327408358,1261.9345885791445,1275.4029893909933,1289.3126980628672,1302.8081931723684,1317.009009780998,1081.9097086718743,1330.504504890499,1344.0,1094.700735903946,1107.658058203757,1121.5677668756312,1135.0632619851324,1150.2156113441258,1164.9537471407461,1178.610555460359,470.0,474.0,477.0,480.0,484.0,486.29132740835814,489.9345885791446,492.0,495.0,497.0,500.0,471.0,504.0,506.0,470.700735903946,470.0,469.0,469.0,469.0,470.0,471.6105554603588,303.04698717986923
1,7,dauerProtocol3,20220427,nan,0,m2X,p001,0,B01,B01,nan,20220427-dauerProtocol3-p001-m2X_B01_w1.TIF,20220427-dauerProtocol3-p001-m2X_B01_w2.TIF,wellmask_98.png,/Users/timcrombie/Desktop/CP_test3/raw_images,/Users/timcrombie/Desktop/CP_test3/raw_images,/Users/timcrombie/Desktop/CP_test3/well_mask,1504.1136023916292,757.6270553064275,7,-0.14045694169478762,-0.006622900391264341,-0.01309722449623374,0.045832915058101165,0.003694665228464622,0.007452624582661382,-0.01863870441142934,0.09036728503021285,0.021770404332637217,-0.06421242687456408,0.06296151530831207,0.21011365752038969,-0.016218211206678657,-0.032794405773841184,0.04480045551192102,0.07260536858805366,-0.06839320711944241,0.0,0.06839320711945973,1559.0,1512.3419768476115,1506.1363755911877,1500.0,1494.0,1487.5195718219165,1481.0,1474.4012625278829,1468.0,1460.9900600150354,1453.3702451962386,1554.2086123059494,1446.4575371586284,1439.0,1550.8314381742716,1545.3329436990346,1540.0,1535.0,1529.5445670545096,1523.338965798086,1517.8404713228488,663.0,749.6580231523885,758.8636244088123,768.097899874641,777.3886639599164,786.4804281780833,795.5559785680939,804.5987374721173,813.7232931762715,822.0099399849646,830.6297548037614,672.7913876940506,839.5424628413716,848.0,683.1685618257283,692.6670563009653,702.234124152967,711.9391018006155,721.4554329454904,730.6610342019142,740.1595286771513,235.52090919027916
1,8,dauerProtocol3,20220427,nan,0,m2X,p001,0,B01,B01,nan,20220427-dauerProtocol3-p001-m2X_B01_w1.TIF,20220427-dauerProtocol3-p001-m2X_B01_w2.TIF,wellmask_98.png,/Users/timcrombie/Desktop/CP_test3/raw_images,/Users/timcrombie/Desktop/CP_test3/raw_images,/Users/timcrombie/Desktop/CP_test3/well_mask,741.4766447368421,811.3513157894737,8,0.05512585227309019,-0.013391165642895775,-0.0662562762259511,-0.07399584136788073,-0.05968868934300309,0.0,-0.058107960192837815,-0.056214375775304415,0.05621437577529864,-0.11028974209004394,0.05407536631474574,-0.09211993899134407,-0.0051357167541694615,0.030738534932648776,-0.022286174711573015,0.044596575010741546,-0.07984999866281584,0.10185497367536511,-0.030924209668825586,854.0,751.8472846739559,740.4986309170848,729.2132339194436,718.2418662168686,707.6258465021331,697.3027200062111,686.9795935102891,676.9493602331805,667.2120201748853,657.1817868977769,842.3583118326121,647.7373400582951,638.0,830.7586653554436,819.351014806944,808.2110129029327,796.9256159052914,785.7455963498567,774.3548219100087,763.3419840451318,758.0,803.1527153260442,808.0,813.0,818.7581337831314,825.3741534978669,832.6972799937889,840.0204064897109,848.0506397668195,856.7879798251147,864.8182131022232,763.0,874.2626599417049,883.0,767.2413346445566,772.648985193056,778.0,783.0,788.2544036501433,793.0,798.6580159548682,267.12929619013556
1,9,dauerProtocol3,20220427,nan,0,m2X,p001,0,B01,B01,nan,20220427-dauerProtocol3-p001-m2X_B01_w1.TIF,20220427-dauerProtocol3-p001-m2X_B01_w2.TIF,wellmask_98.png,/Users/timcrombie/Desktop/CP_test3/raw_images,/Users/timcrombie/Desktop/CP_test3/raw_images,/Users/timcrombie/Desktop/CP_test3/well_mask,513.1113689095127,874.7624129930394,9,0.07774365522845406,-0.08096753676739654,0.003223881538973572,-9.325873406851315e-15,0.23057515319637467,-0.14600780742062902,-0.0068236905473177956,4.440892098500626e-15,0.2387901782999764,-0.01972121174843311,-0.03428494852090447,-0.052741546187003774,-0.04423510611777148,-0.0625883525096711,0.004077694357572881,-1.7319479184152442e-14,-0.06399168480953987,0.12542513409038536,0.016310205947599687,576.0,519.5262759462182,513.3149522276606,507.65313826589943,501.73470776615517,495.816277266411,488.650995339352,482.214215617178,476.0028918986204,469.3773546176898,461.71554065592863,569.3744627190694,454.29885686883523,447.0,562.4560322193252,555.6768560644907,549.2342153773715,543.1999979451949,537.2815674454507,531.3631369457066,526.0,810.0,870.4737240537818,876.6850477723394,883.3468617341007,890.2652922338448,897.1837227335889,902.43625582581,908.7857843828219,914.9971081013796,921.6226453823102,926.2844593440714,816.6255372809308,931.0,936.0,822.5439677806748,828.9923579516319,835.6877128301713,842.8000020548052,849.7184325545493,856.6368630542935,863.7853036752183,187.39849361401522
1,10,dauerProtocol3,20220427,nan,0,m2X,p001,0,B01,B01,nan,20220427-dauerProtocol3-p001-m2X_B01_w1.TIF,20220427-dauerProtocol3-p001-m2X_B01_w2.TIF,wellmask_98.png,/Users/timcrombie/Desktop/CP_test3/raw_images,/Users/timcrombie/Desktop/CP_test3/raw_images,/Users/timcrombie/Desktop/CP_test3/well_mask,718.9941368078175,933.7332247557003,10,2.831068712794149e-15,-0.00023284834520198583,0.032605257290921286,3.885780586188048e-15,0.060500812431078244,4.3298697960381105e-15,-1.4949760528959466e-05,2.9899471999716987e-05,-1.494971147508739e-05,0.05970906840016377,-0.2928354912036286,0.0,-0.012981385981198523,-0.050503307034772627,0.060236971090232794,0.0,0.0008841357013910089,0.002363586224344516,0.08601037236672321,602.0,709.9318045973454,721.463990038858,732.9972956562353,744.3736075907777,755.74991952532,766.833338241049,777.9167569567778,789.0002484384414,800.0835943882355,811.1670131039645,613.9463990038859,821.95753860088,833.0,625.8927980077716,637.8391970116573,649.8483934886772,662.1033850796599,674.0654834518292,686.0275818239985,697.9854055934595,891.0,926.0,931.0,935.9972956562353,941.3736075907776,946.7499195253199,952.8333382410489,958.9167569567778,965.0,971.0835943882355,977.1670131039645,895.0,983.9575386008798,987.0,899.0,903.0,906.8483934886772,910.1033850796599,914.0654834518292,918.0275818239985,922.0,272.0650650675635
1,11,dauerProtocol3,20220427,nan,0,m2X,p001,0,B01,B01,nan,20220427-dauerProtocol3-p001-m2X_B01_w1.TIF,20220427-dauerProtocol3-p001-m2X_B01_w2.TIF,wellmask_98.png,/Users/timcrombie/Desktop/CP_test3/raw_images,/Users/timcrombie/Desktop/CP_test3/raw_images,/Users/timcrombie/Desktop/CP_test3/well_mask,1559.827412763282,1051.6938069789373,11,-0.22326231023456766,0.0,-0.0073288138668634595,-0.06822363771450402,0.029286697968959885,-0.07286703772217318,0.03625072953688879,-0.014436174275238134,-0.02181455526165066,0.10853598695438982,-0.16594094127232095,0.134081546075125,0.038071381504574564,-0.148752270444527,0.007318603209458985,0.02153858162728639,0.03058950760728818,-0.16568180723466885,0.08283445765546271,1516.0,1553.0,1558.0,1563.0,1568.0882682629272,1574.0,1579.5576333169747,1585.9994226251847,1592.0,1598.175894460419,1604.617683768629,1518.0,1609.8511039106033,1617.0,1523.0,1526.3756204563251,1529.2818758586027,1534.0,1538.6299205690907,1543.0,1547.0,931.0,1041.0078361932924,1053.0468341870478,1065.0858321808032,1077.0882682629272,1088.7496146059411,1100.5576333169747,1111.9994226251847,1123.6239679000882,1135.175894460419,1146.617683768629,942.6247844313825,1158.8511039106033,1170.0,954.6637824251379,967.3756204563251,980.2818758586027,992.437630655897,1004.6299205690905,1016.9298402057811,1029.3830517619099,282.20131611242016
1,12,dauerProtocol3,20220427,nan,0,m2X,p001,0,B01,B01,nan,20220427-dauerProtocol3-p001-m2X_B01_w1.TIF,20220427-dauerProtocol3-p001-m2X_B01_w2.TIF,wellmask_98.png,/Users/timcrombie/Desktop/CP_test3/raw_images,/Users/timcrombie/Desktop/CP_test3/raw_images,/Users/timcrombie/Desktop/CP_test3/well_mask,189.5791217895609,1041.9192212096107,12,0.14893506999768702,-0.09532432804228996,-0.056613706294072585,0.0,-0.07832464373905657,0.23051171401643344,-0.07506351298640324,-0.015238988990389224,0.07259216325329598,-0.020269930925572943,-0.037083243337331595,-0.07387155701127401,0.07228069038259122,-0.07228069038259344,-0.008572451153706862,0.017107308990295333,-0.008534857836588472,-0.12686163537471318,0.12661259943369885,248.0,194.0,187.86984848098334,182.69834957055025,178.07867965644016,173.45900974233007,169.54644660940653,163.5125631329234,158.1857864376268,153.0,147.0,242.67322330470336,141.32677669529662,136.0,235.7606601717798,229.72677669529662,222.98578643762687,216.95190296114365,211.0,204.88413600817725,198.85025253169403,961.0,1033.6739069349653,1041.8402020253557,1050.3016504294496,1058.9213203435597,1067.5409902576698,1076.4535533905935,1084.4874368670767,1092.8142135623732,1101.1993903345592,1109.4899494936612,969.3267766952968,1117.6732233047035,1126.0,977.2393398282202,985.2732233047034,993.0142135623731,1001.0480970388564,1009.1159379566436,1017.1158639918227,1025.149747468306,210.6639969244291
1,13,dauerProtocol3,20220427,nan,0,m2X,p001,0,B01,B01,nan,20220427-dauerProtocol3-p001-m2X_B01_w1.TIF,20220427-dauerProtocol3-p001-m2X_B01_w2.TIF,wellmask_98.png,/Users/timcrombie/Desktop/CP_test3/raw_images,/Users/timcrombie/Desktop/CP_test3/raw_images,/Users/timcrombie/Desktop/CP_test3/well_mask,576.3511356660528,1054.2271332105586,13,3.1086244689504383e-15,0.08673641796126352,0.02980942026749611,0.0,0.0751822795513366,0.07908241178654496,-0.009200452453384411,0.059461575145358214,-0.02211540605308082,0.015106230994192948,0.02472349735036028,-0.0805805532302517,0.0021801799669183275,-0.06054650418573848,0.13989777819694593,0.06848874342568445,0.16745577292096003,0.0,0.02851840065573663,705.0,591.2259036901678,577.3788350671766,564.6740308143859,550.1554536893756,535.6368765643654,522.3609401264744,509.49921725095646,495.8090672506924,482.17113601685435,468.68312627163175,692.5524906868552,455.27593643789095,442.0,680.1049813737103,668.0716856229386,656.0271457389381,644.2964953065962,631.4439141180814,618.606203690696,604.9160536904319,1020.0,1062.0,1063.6211649328234,1064.0,1064.0,1064.0,1063.0,1061.0,1059.0,1056.1711360168545,1053.6831262716319,1025.0,1051.0,1048.0,1030.0,1036.0,1041.972854261062,1048.7035046934038,1053.8520286273063,1058.0,1060.0,290.3715425002058
1,14,dauerProtocol3,20220427,nan,0,m2X,p001,0,B01,B01,nan,20220427-dauerProtocol3-p001-m2X_B01_w1.TIF,20220427-dauerProtocol3-p001-m2X_B01_w2.TIF,wellmask_98.png,/Users/timcrombie/Desktop/CP_test3/raw_images,/Users/timcrombie/Desktop/CP_test3/raw_images,/Users/timcrombie/Desktop/CP_test3/well_mask,1178.4295719844358,1208.5178988326848,14,0.04878418243829952,-0.0239364634153576,0.08779186673172346,0.026525235343863418,0.13209712325458112,0.0,0.06456632655371797,-1.7763568394002505e-15,0.06753079670086093,0.01771204784254854,0.03419650655732065,0.1393911408168318,-0.07068152226599844,1.021405182655144e-14,-1.021405182655144e-14,1.021405182655144e-14,0.0,0.1016588977046351,-0.0384720842603401,1233.0,1188.0,1182.3823591761698,1177.0,1170.7443649720208,1164.2182610887598,1156.2779436431258,1148.3376261974915,1140.1044155330442,1131.8712048685966,1123.3451009853354,1229.0330919709468,1114.7440232469248,1106.0,1224.6916953056466,1219.0,1214.0,1209.0,1204.0,1199.0,1194.0,1119.0,1201.715239220438,1210.6176408238302,1219.617499276661,1228.2556350279792,1236.7817389112402,1244.7220563568742,1252.6623738025085,1259.8955844669558,1267.1287951314034,1273.6548990146646,1128.867632116213,1280.0,1286.0,1138.3083046943534,1147.1800319270226,1156.3382687363207,1165.4965055456187,1174.6547423549168,1183.8129791642148,1192.9712159735127,224.5860924232703
1,15,dauerProtocol3,20220427,nan,0,m2X,p001,0,B01,B01,nan,20220427-dauerProtocol3-p001-m2X_B01_w1.TIF,20220427-dauerProtocol3-p001-m2X_B01_w2.TIF,wellmask_98.png,/Users/timcrombie/Desktop/CP_test3/raw_images,/Users/timcrombie/Desktop/CP_test3/raw_images,/Users/timcrombie/Desktop/CP_test3/well_mask,237.60664206642068,1280.6287822878228,15,0.0025846065078192204,-1.2434497875801753e-14,-0.09631384130997489,-0.05903678090491438,-0.008200490344415279,0.0251487880492387,-0.06948395564714915,-0.0018589871924594714,-0.04350158721737141,0.09289156313275293,0.09839187444558317,-0.0025846065078192204,0.0,-0.016051812403484078,-0.03330717107097758,0.051943589982272886,-0.002584606507811227,-0.13341937858991537,1.2434497875801753e-14,300.0,238.772687604083,233.18629150101506,227.59989539794717,223.0,219.0,215.08334777586285,210.91116523516808,207.44608947565985,204.0,201.0,292.999390334559,197.05086219713516,192.0,285.8272077938642,278.8265981284232,271.8259884629822,265.0,258.53187591328674,251.3596933725919,244.3590837071509,1188.0,1270.2273123959171,1279.8137084989849,1289.4001046020528,1299.3951226764723,1309.6386255607267,1319.9166522241371,1330.0888347648317,1340.5539105243402,1351.0268506601174,1361.684567106745,1197.000609665441,1371.949137802865,1382.0,1206.1727922061357,1215.1734018715767,1224.1740115370178,1233.2469516727951,1242.4681240867133,1251.640306627408,1260.6409162928492,238.00714267493666
1,16,dauerProtocol3,20220427,nan,0,m2X,p001,0,B01,B01,nan,20220427-dauerProtocol3-p001-m2X_B01_w1.TIF,20220427-dauerProtocol3-p001-m2X_B01_w2.TIF,wellmask_98.png,/Users/timcrombie/Desktop/CP_test3/raw_images,/Users/timcrombie/Desktop/CP_test3/raw_images,/Users/timcrombie/Desktop/CP_test3/well_mask,1726.8755788823712,1218.785118863847,16,0.14975884702906672,0.14773962506175886,-0.14773962506176108,-0.07386021365929452,7.549516567451064e-15,-0.09084178928979503,-0.029989585623558135,-0.0722861648322839,0.025646920288466823,0.15033806276189,-0.21969258197129315,0.0,3.552713678800501e-15,-0.07864738617667077,-0.10725898875128825,-0.10804772906733184,-0.057678525853033236,0.053183598641363794,-0.0756776050932304,1860.0,1740.2944045756262,1726.8557116743489,1712.5885916483257,1699.1498987470486,1685.8343114713896,1672.51872419573,1659.9352703274553,1647.503747258544,1635.002370204846,1622.8063179906885,1846.9755206610962,1609.8457366312841,1598.0,1833.9510413221922,1820.9265619832881,1807.9020826443843,1794.4633897431072,1780.431676866705,1767.7072605789806,1754.147311039276,1221.0,1212.0,1214.0,1214.0,1216.0,1219.0,1222.0,1226.0647296725447,1230.496252741456,1236.0,1241.0,1220.0,1244.1542633687159,1250.0,1217.0,1214.0,1211.0,1209.0,1208.431676866705,1209.2927394210194,1211.0,285.3424005204644
1,17,dauerProtocol3,20220427,nan,0,m2X,p001,0,B01,B01,nan,20220427-dauerProtocol3-p001-m2X_B01_w1.TIF,20220427-dauerProtocol3-p001-m2X_B01_w2.TIF,wellmask_98.png,/Users/timcrombie/Desktop/CP_test3/raw_images,/Users/timcrombie/Desktop/CP_test3/raw_images,/Users/timcrombie/Desktop/CP_test3/well_mask,405.9284332688588,1338.5805931656996,17,0.15890200002065058,0.009435149295026424,0.04083639506376979,-0.02474250467522965,-0.07078491212798421,0.09552741680321386,3.9968028886505635e-15,-0.1197538584401947,0.11975385844019071,3.9968028886505635e-15,0.1212018102766026,-0.060653336390120716,0.017072021297010576,0.10213367999943679,-0.05675778917265961,0.056757789172669826,0.11777253297313806,0.030650783378588287,-0.020648631283222807,332.0,403.0,409.0,414.88904274768896,420.299792046571,426.0,432.535504206708,437.94625350559005,443.357002804472,450.1819656657271,455.5927149646091,341.94628320481473,461.0034642634911,465.0,350.3430566528331,359.0,367.82140950008966,375.35347914253134,383.5926555661596,391.12472520860126,397.24258128866984,1235.0,1327.5097354152558,1338.676409082097,1349.889042747689,1361.299792046571,1372.5906436449932,1383.535504206708,1394.94625350559,1406.357002804472,1417.1819656657271,1428.592714964609,1243.9462832048148,1440.003464263491,1452.0,1254.3430566528332,1263.823401913194,1273.8214095000897,1284.3534791425313,1294.5926555661595,1305.1247252086014,1316.24258128867,273.0391008215938
1,18,dauerProtocol3,20220427,nan,0,m2X,p001,0,B01,B01,nan,20220427-dauerProtocol3-p001-m2X_B01_w1.TIF,20220427-dauerProtocol3-p001-m2X_B01_w2.TIF,wellmask_98.png,/Users/timcrombie/Desktop/CP_test3/raw_images,/Users/timcrombie/Desktop/CP_test3/raw_images,/Users/timcrombie/Desktop/CP_test3/well_mask,1606.0798504926945,1380.1331974176012,18,8.826273045769994e-15,0.061995850654795515,0.0,-1.0658141036401503e-14,0.060340706134611954,0.0,-0.03321517499168436,0.009137541249969794,0.08240923380783349,-0.03749115660554503,0.24490410240933358,0.06322712324014429,-9.880984919163893e-15,-0.06322712324012641,0.007626612428897228,0.04807933946109921,0.0075211713501237565,-0.0632271232401202,0.0632271232401202,1503.0,1597.0799977102265,1607.370612334244,1617.3683337394482,1627.3660551446524,1637.3637765498568,1647.0686047362474,1656.773432922638,1666.7394651325667,1676.633579538623,1686.0455145062003,1513.5835078428313,1695.6469312499166,1703.0,1524.1670156856624,1534.4576303096799,1544.7482449336976,1555.331752776529,1565.8801604186317,1576.2058752433777,1586.4964898673952,1318.0,1371.0799977102265,1377.370612334244,1384.3683337394482,1391.3660551446524,1398.3637765498565,1406.0686047362474,1413.7734329226382,1421.1596434217113,1428.633579538623,1437.0455145062003,1323.583507842831,1445.0,1455.0,1329.1670156856621,1335.4576303096799,1341.7482449336976,1347.331752776529,1353.0,1359.2058752433777,1365.4964898673952,257.9254503389666
1,19,dauerProtocol3,20220427,nan,0,m2X,p001,0,B01,B01,nan,20220427-dauerProtocol3-p001-m2X_B01_w1.TIF,20220427-dauerProtocol3-p001-m2X_B01_w2.TIF,wellmask_98.png,/Users/timcrombie/Desktop/CP_test3/raw_images,/Users/timcrombie/Desktop/CP_test3/raw_images,/Users/timcrombie/Desktop/CP_test3/well_mask,1592.9685169842585,1541.437033968517,19,-0.055249193519621986,0.19436849542309476,-0.15023860351743,-3.114175584073564e-14,0.0,3.114175584073564e-14,-2.020605904817785e-14,-0.021995735277638928,0.04389192831646499,-0.08973060800922134,-0.2327908386695622,0.022912603945536014,0.03233658957407898,-0.02523266884638098,0.13517011119229905,-0.07766152816672667,0.030116498739775455,0.009071473722214007,0.07169771237822309,1502.0,1585.813433410879,1594.8226670922033,1602.9461615400985,1611.6554424256203,1620.3647233111424,1629.0740041966644,1637.7832850821862,1646.492565967708,1655.2854545573603,1663.911127738752,1511.4172882102102,1672.8773902906612,1683.0,1520.2972414274843,1529.8376510682574,1539.2549392784679,1548.7682298345578,1557.7704039388932,1567.065471262042,1576.350476436431,1506.0,1534.4533583527198,1538.8226670922036,1544.9461615400985,1549.6554424256205,1554.3647233111424,1559.0740041966642,1563.7832850821862,1568.492565967708,1573.0,1577.911127738752,1509.0,1582.0,1584.0,1511.2972414274843,1514.0,1517.0,1519.7682298345578,1523.7704039388932,1527.065471262042,1530.6752382182153,213.1985779465904
2,1,dauerProtocol3,20220427,nan,0,m2X,p001,0,C02,C02,nan,20220427-dauerProtocol3-p001-m2X_C02_w1.TIF,20220427-dauerProtocol3-p001-m2X_C02_w2.TIF,wellmask_98.png,/Users/timcrombie/Desktop/CP_test3/raw_images,/Users/timcrombie/Desktop/CP_test3/raw_images,/Users/timcrombie/Desktop/CP_test3/well_mask,1099.4025367156207,378.93791722296396,1,-0.0053183086314814165,-0.058942273246861965,0.05808256275156809,-0.029178850489296027,1.5765166949677223e-14,-1.5765166949677223e-14,0.016352860097798017,0.027587195482424942,0.09779125214955786,-0.10486302364274858,-0.2678297515935273,-0.028667045948992387,-0.015321578339242192,-0.03210556916305829,-0.014536443674326494,0.007266658943468007,0.02521858283678835,-0.2954300346860276,0.1680893966978959,1047.0,1092.0,1098.1590847223551,1105.0,1111.1689416111312,1117.6738700555195,1124.1787984999075,1130.6837269442958,1137.0,1143.0,1148.0,1051.0,1154.0808579932386,1163.0,1055.0601094204703,1059.4437175212988,1064.0,1068.9180405041425,1074.0,1079.0,1083.8324083099142,269.0,369.51090311783946,380.1590847223552,390.5248428636296,401.16894161113134,411.67387005551944,422.17879849990754,432.68372694429564,443.2667990092913,453.9808756633729,465.400273816583,280.54250377882784,476.0808579932388,485.0,292.06010942047044,303.44371752129894,314.7558015529383,325.9180405041425,337.0123819858478,348.1406722023026,359.6648166198283,263.9871605664045
2,2,dauerProtocol3,20220427,nan,0,m2X,p001,0,C02,C02,nan,20220427-dauerProtocol3-p001-m2X_C02_w1.TIF,20220427-dauerProtocol3-p001-m2X_C02_w2.TIF,wellmask_98.png,/Users/timcrombie/Desktop/CP_test3/raw_images,/Users/timcrombie/Desktop/CP_test3/raw_images,/Users/timcrombie/Desktop/CP_test3/well_mask,647.2337317397079,393.9731075697211,2,-0.09570060552595439,0.024968616713008984,0.021494765952570827,0.11179335870745954,-0.0518002563945108,0.09920704276540993,-0.04229848479548215,-0.07312309166116426,0.14164789807426725,-0.1593046941260865,0.24807585466238913,-0.05291177469046704,0.006028290465741604,0.05235569350980329,0.015258203012782134,-0.08328654814494563,8.881784197001252e-16,0.0,-8.881784197001252e-16,625.0,647.0,650.0,652.7035533905934,655.0,656.0,657.5644660940673,658.0,659.0,660.9035533905933,661.0,626.0,663.0,662.0,628.1142135623732,631.0,633.8142135623732,636.0,638.0,641.0,644.0,272.0,383.0050252531696,395.2928932188136,407.70355339059336,419.4544155877286,431.74228355337254,443.43553390593274,456.3180194846606,469.43431457505085,482.09644660940677,494.8384776310851,284.28786796564407,506.712132034356,519.0,296.1142135623731,308.4493903345591,320.81421356237314,333.4393398282202,346.14142135623746,358.42928932188147,370.71715728752554,270.6101730552667
2,3,dauerProtocol3,20220427,nan,0,m2X,p001,0,C02,C02,nan,20220427-dauerProtocol3-p001-m2X_C02_w1.TIF,20220427-dauerProtocol3-p001-m2X_C02_w2.TIF,wellmask_98.png,/Users/timcrombie/Desktop/CP_test3/raw_images,/Users/timcrombie/Desktop/CP_test3/raw_images,/Users/timcrombie/Desktop/CP_test3/well_mask,817.0817384370016,374.4122807017544,3,0.14413286090723965,-0.0055302973727728855,-0.12289884065916823,0.26148757499671804,-0.1895376169668932,0.09834858679398639,-0.13524013050112904,0.14903790396077143,-0.027512171922029705,0.01422129897757829,0.10175655360018832,-0.059092025777914614,0.2682209220179046,-0.20650561967386105,0.06902183337010737,-0.07164510993622608,-0.06894386046639456,-0.07915807941323383,0.003969078972378526,905.0,824.5405591591019,816.1213203435594,807.7472077938639,800.1112698372206,791.1502525316938,782.9715728752535,774.3786796564401,766.7857864376267,758.1363961030678,749.5999999999999,896.5807611844575,741.0050252531694,732.0,887.5757359312881,878.8071067811866,868.9798989873223,859.9644660940671,850.6769552621699,841.6719300090004,832.9431457505074,320.0,366.4594408408981,372.87867965644057,379.337056274848,386.88873016277944,392.0,399.0,405.0,412.0,417.8636038969322,424.0,326.4192388155425,429.9949747468306,435.0,331.424264068712,337.0,340.0201010126777,345.0,349.32304473783006,354.3280699909995,360.0,221.56349186104092
2,4,dauerProtocol3,20220427,nan,0,m2X,p001,0,C02,C02,nan,20220427-dauerProtocol3-p001-m2X_C02_w1.TIF,20220427-dauerProtocol3-p001-m2X_C02_w2.TIF,wellmask_98.png,/Users/timcrombie/Desktop/CP_test3/raw_images,/Users/timcrombie/Desktop/CP_test3/raw_images,/Users/timcrombie/Desktop/CP_test3/well_mask,1040.6763110307413,523.3092224231465,4,0.11937842994674996,-0.05375783401781731,-0.042513588989965934,0.017284137303719138,-0.010757910573673257,0.10071640634730383,-0.0953365759236735,0.09533657592367084,-0.09533657592366729,0.06503797531698252,-0.034430443480715445,0.026937093738146123,-0.0677496799235573,0.08620518574056768,-0.061723248021470445,0.0,-0.09310219703954292,-0.0004887018520751685,-0.010482508217489972,1015.0,1035.0055712401677,1038.1954367560515,1041.8758930804463,1046.0,1049.9439125104227,1054.0,1057.0,1061.0,1064.0,1068.0,1018.1791939393453,1071.319543675605,1075.0,1020.0,1021.4187862445754,1023.6850290065972,1025.0,1027.0,1029.0,1032.0,413.0,514.0222849606706,525.1954367560515,535.8758930804463,546.3725833113715,556.9439125104226,567.4687773117488,578.4310878743106,588.9791848744992,599.9414954370609,610.4895924372496,424.1791939393453,621.3195436756052,632.0,435.62994262425207,446.4187862445755,457.68502900659723,469.3453014366836,480.7218255616185,492.09834968655343,503.0606602491152,244.09902499362136
2,5,dauerProtocol3,20220427,nan,0,m2X,p001,0,C02,C02,nan,20220427-dauerProtocol3-p001-m2X_C02_w1.TIF,20220427-dauerProtocol3-p001-m2X_C02_w2.TIF,wellmask_98.png,/Users/timcrombie/Desktop/CP_test3/raw_images,/Users/timcrombie/Desktop/CP_test3/raw_images,/Users/timcrombie/Desktop/CP_test3/well_mask,1049.3289168598874,413.92480953958267,5,-0.19807984553457936,-7.105427357601002e-15,-0.046531402295313495,0.04076765225097312,-0.05372724390872463,-0.06111811587467586,0.06111811587467586,0.11701696383876414,-0.1917377853098623,0.09394485328334723,-0.26916221906021637,0.11583784113329643,-0.028350894081220046,-0.05752596988569203,0.057525969885689365,-0.02063237953841468,-0.1234407416531289,0.07821871095620159,0.008328440349652633,953.0,1039.7255177829065,1049.5513649566947,1059.3772121304828,1069.7387874529036,1079.7453084743308,1089.8640488669323,1100.2756824783473,1110.3944228709488,1119.9273768259234,1130.588156308091,961.5329539549746,1140.7096867321447,1152.0,971.5074214224911,980.8917550837375,990.4247090387121,1000.2505562125002,1009.7835101674749,1019.4894091330767,1029.8581128147107,334.0,407.72551778290654,415.55136495669467,423.3772121304827,430.86939372645185,438.74530847433084,445.8640488669323,452.27568247834733,459.3944228709488,467.92737682592343,474.29407815404545,343.53295395497463,481.70968673214463,486.0,351.0,359.89175508373745,368.4247090387121,376.2505562125002,384.7835101674749,393.1170568498075,400.0,261.3483842046061
2,6,dauerProtocol3,20220427,nan,0,m2X,p001,0,C02,C02,nan,20220427-dauerProtocol3-p001-m2X_C02_w1.TIF,20220427-dauerProtocol3-p001-m2X_C02_w2.TIF,wellmask_98.png,/Users/timcrombie/Desktop/CP_test3/raw_images,/Users/timcrombie/Desktop/CP_test3/raw_images,/Users/timcrombie/Desktop/CP_test3/well_mask,479.8641840087623,407.28002920774003,6,0.0,0.013689701410278143,-0.04084114215676138,0.06807940833311754,-0.26600594821682755,0.03374638368359539,-0.09011822149680881,-0.10067393931074431,0.09489766273972178,0.06214811438423906,0.0,0.05290912260186209,0.07825524045061005,-0.12263997394332815,0.08782583815718681,-0.08020818983123368,-0.021182395900508855,0.06807940833311088,-0.040927967586629865,581.0,488.7700270478567,478.600505063388,468.37210857587377,458.3195959492891,447.9741901038909,438.8003571337467,429.4718254069478,421.0,413.22860569161946,404.3476659402886,570.925735931288,395.1738329701443,386.0,560.8514718625761,550.5495689014324,539.9112698372207,529.800252531694,519.311774900609,509.1679455198396,499.1154328932549,359.0,400.2299729521433,405.0,409.62789142412623,414.68040405071093,419.0258098961091,426.1996428662534,433.0,440.43086578651037,448.77139430838054,456.6523340597114,364.0,463.8261670298557,471.0,369.0,373.4504310985676,377.08873016277926,382.0,386.0,390.8320544801604,395.8845671067451,242.9066376115486
2,7,dauerProtocol3,20220427,nan,0,m2X,p001,0,C02,C02,nan,20220427-dauerProtocol3-p001-m2X_C02_w1.TIF,20220427-dauerProtocol3-p001-m2X_C02_w2.TIF,wellmask_98.png,/Users/timcrombie/Desktop/CP_test3/raw_images,/Users/timcrombie/Desktop/CP_test3/raw_images,/Users/timcrombie/Desktop/CP_test3/well_mask,1491.6117056856187,485.62608695652176,7,-0.061983239784899946,-0.08710497846215387,0.08710497846215987,0.0,0.021953715288806852,-0.043848143524172656,-0.11875022641315561,0.03474983189352768,0.01878984429283828,-8.854028621385623e-15,-0.155115753080181,0.0719557990157983,-0.1738351507567089,0.1313593634315971,0.03250322809420475,0.061205625518824525,-0.13069490465340255,-0.09437331239121177,-1.2045919817182948e-14,1380.0,1479.757002179134,1491.393398282202,1503.444007947643,1515.080404050711,1526.7168001537789,1538.249747468306,1549.9895923599145,1561.7355339059327,1573.6765981284234,1585.7272077938642,1390.864213562373,1597.7778174593054,1609.0,1402.0213203435596,1412.8381204973382,1424.4745166004063,1435.4926406871193,1446.3568542494925,1456.928174593052,1468.1206060760662,437.0,485.0,489.0,492.0,496.0,500.0,504.24974746830594,508.0,510.2644660940672,513.0,516.0,442.8642135623731,519.0,520.0,448.02132034355964,454.0,458.0,463.4926406871194,469.35685424949247,475.9281745930522,481.0,265.8650070512058
2,8,dauerProtocol3,20220427,nan,0,m2X,p001,0,C02,C02,nan,20220427-dauerProtocol3-p001-m2X_C02_w1.TIF,20220427-dauerProtocol3-p001-m2X_C02_w2.TIF,wellmask_98.png,/Users/timcrombie/Desktop/CP_test3/raw_images,/Users/timcrombie/Desktop/CP_test3/raw_images,/Users/timcrombie/Desktop/CP_test3/well_mask,1413.0206923995224,538.1953840031834,8,-0.06578597126800712,0.07115582229590744,0.03507293478512907,-0.03648476593760708,0.06982818934341428,-0.016643218834968332,0.016643218834968332,-0.013370693703858016,-0.05154416794608374,-0.04368415120677005,-0.10124149301264684,0.06578597126800356,1.0547118733938987e-14,0.14029878050657685,-0.07446815806717277,0.07446815806717577,0.07342313471286277,0.05178690809425057,0.12086385012009937,1360.0,1416.0,1419.3380220877555,1422.0,1424.324508187102,1427.0,1429.0,1431.0,1433.0,1435.170917804321,1437.9517874930498,1367.089437127386,1441.0,1445.0,1374.4717674735853,1381.5612046009712,1388.6506417283572,1394.32586529337,1400.8797685148234,1406.5549920798362,1411.5231088636624,451.0,526.6946979728641,536.3380220877555,546.2613728689066,556.3245081871021,566.2422613273222,576.4398123377166,585.8089362233646,596.006487233759,606.3418356086419,616.8553624791493,459.0894371273859,626.6308761143518,636.0,466.4717674735854,474.5612046009712,482.65064172835724,491.32586529337004,499.87976851482324,508.5549920798361,517.5231088636624,220.519562702811
2,9,dauerProtocol3,20220427,nan,0,m2X,p001,0,C02,C02,nan,20220427-dauerProtocol3-p001-m2X_C02_w1.TIF,20220427-dauerProtocol3-p001-m2X_C02_w2.TIF,wellmask_98.png,/Users/timcrombie/Desktop/CP_test3/raw_images,/Users/timcrombie/Desktop/CP_test3/raw_images,/Users/timcrombie/Desktop/CP_test3/well_mask,956.7157692307692,588.7319230769231,9,-0.09963378341028739,0.09027580960513903,-0.015358871771669724,0.030866351291032545,0.08014079471276081,0.07570681802542611,-0.05234931734943671,0.04181204071466982,-0.03141383521080798,0.06587807723043526,-0.0996337834102865,-0.0050116568004177076,-0.08266215546532818,0.14311575502319873,-0.019345573103157543,-0.036096369654292415,0.18800799254908318,0.007274065093323845,0.09027580960513903,942.0,964.0,964.0,963.0,962.1656854249492,961.0,959.0,956.2374368670763,954.0,951.3424621202458,949.0,944.0,946.0,944.0,947.0,950.0495689014325,953.9112698372209,956.3587572106362,959.0,962.0,963.0,484.0,577.2103030380331,588.6715728752539,599.7186291501016,610.8343145750508,621.8127416997971,632.4455844122717,642.7625631329236,653.2970562748478,663.6575378797542,674.1485281374239,494.63284271247466,684.3671572875254,695.0,504.85147186257615,515.0495689014324,524.9112698372209,535.3587572106362,545.7259884629823,555.9446176130839,566.1632467631854,229.22539674441634
2,10,dauerProtocol3,20220427,nan,0,m2X,p001,0,C02,C02,nan,20220427-dauerProtocol3-p001-m2X_C02_w1.TIF,20220427-dauerProtocol3-p001-m2X_C02_w2.TIF,wellmask_98.png,/Users/timcrombie/Desktop/CP_test3/raw_images,/Users/timcrombie/Desktop/CP_test3/raw_images,/Users/timcrombie/Desktop/CP_test3/well_mask,1285.7880665145092,542.0652103032279,10,-0.08957260116212999,-0.07927279640222548,-0.010375616872776716,-0.14554147820087665,-0.005695190013124921,-0.0049883404831891215,-1.2906342661267445e-15,0.07470386355907506,0.015007692879228485,-0.08971155643830354,0.004988340483190412,2.5673907444456745e-15,0.10319973705727928,0.025334143496820838,-0.041343292012897576,0.08335040226944501,0.01699205184532146,0.022618696659570392,0.035721682656653486,1161.0,1274.6210829564773,1286.6473392504358,1299.0620904148454,1311.5282789630992,1323.1403216946846,1335.5807915510163,1348.849688532094,1362.1185855131719,1374.4527908743257,1387.2906331625904,1173.0262562939583,1400.5595301436683,1413.0,1186.2951532750365,1199.5640502561141,1212.2960894209757,1224.9004418621096,1237.7138869498554,1250.109146744377,1262.4206059666976,520.0,541.0,545.0,548.0620904148452,551.0,552.0,553.0,554.0,555.0,556.8631977185814,559.0,522.0,560.0,561.0,523.0,524.0,526.2960894209757,528.9004418621096,531.0,534.1091467443772,537.4206059666976,273.66221086901885
2,11,dauerProtocol3,20220427,nan,0,m2X,p001,0,C02,C02,nan,20220427-dauerProtocol3-p001-m2X_C02_w1.TIF,20220427-dauerProtocol3-p001-m2X_C02_w2.TIF,wellmask_98.png,/Users/timcrombie/Desktop/CP_test3/raw_images,/Users/timcrombie/Desktop/CP_test3/raw_images,/Users/timcrombie/Desktop/CP_test3/well_mask,357.0773010153947,639.1169341631182,11,0.09584602946388232,0.07582220286765518,0.04837288363781811,1.7763568394002505e-15,-1.7763568394002505e-15,-0.019163363421268897,-0.048273533624353604,0.06743689704562428,-0.009773209307403441,-0.06698551633996308,0.16349496470351266,-0.048450772168433964,0.2326052947928856,-0.1934924112140517,0.03999504687519018,-0.0791079304540312,0.02585732712261546,-0.07325258441805671,0.12929518753119895,465.0,369.38141659307416,358.5582430370994,347.3691060305124,335.94873718685847,324.5283683432045,313.10799949955054,301.7791215185497,290.6814753746158,279.2611065309618,267.8873845387079,454.8222718434653,256.83458240602704,245.0,444.16286799298615,433.7443019894792,421.94831871458143,411.3349699063324,400.52540026994063,390.1068342664337,379.5591447496089,574.0,637.0,643.4417569629006,649.0,654.0,659.0,664.0,669.2208784814502,675.0,680.0,685.1126154612921,582.0,691.0,695.0,588.8371320070139,596.2556980105207,601.0516812854186,608.0,614.4745997300594,621.8931657335663,629.0,269.8287331103896
2,12,dauerProtocol3,20220427,nan,0,m2X,p001,0,C02,C02,nan,20220427-dauerProtocol3-p001-m2X_C02_w1.TIF,20220427-dauerProtocol3-p001-m2X_C02_w2.TIF,wellmask_98.png,/Users/timcrombie/Desktop/CP_test3/raw_images,/Users/timcrombie/Desktop/CP_test3/raw_images,/Users/timcrombie/Desktop/CP_test3/well_mask,1047.2897196261683,678.4444444444445,12,-0.016350106848684653,0.0061772845958496525,-0.012351210522997036,-0.07924016148670665,0.039478590319359075,-0.0638257724992366,0.06382577249923216,-0.06382577249923704,-7.993605777301127e-15,0.06382577249925792,-0.12641488657772415,0.008177688393108173,-0.0647800695967784,0.0647800695967784,-0.0693359034699057,0.00911272145484432,-0.004556887581709024,0.03111793416480646,-0.049750504194738365,1156.0,1057.5197438789305,1046.8076118445745,1036.0675144212719,1025.3833477758626,1015.0604076400855,1004.5568542494922,994.3461940777123,983.8426406871191,973.6319805153394,963.4213203435596,1144.8736544032708,952.9177669529663,943.0,1133.8213203435596,1122.7319805153393,1111.9355339059327,1100.8461940777124,1090.0703535443715,1079.253300858899,1068.4568542494922,632.0,672.0,677.0,681.9324855787281,687.0,692.9395923599145,698.4431457505078,704.6538059222876,710.1573593128809,716.3680194846606,722.5786796564405,636.0,728.0822330470337,735.0,640.1786796564404,644.2680194846606,649.0644660940674,653.1538059222876,658.0,662.7466991411011,667.5431457505078,255.66399692442934
2,13,dauerProtocol3,20220427,nan,0,m2X,p001,0,C02,C02,nan,20220427-dauerProtocol3-p001-m2X_C02_w1.TIF,20220427-dauerProtocol3-p001-m2X_C02_w2.TIF,wellmask_98.png,/Users/timcrombie/Desktop/CP_test3/raw_images,/Users/timcrombie/Desktop/CP_test3/raw_images,/Users/timcrombie/Desktop/CP_test3/well_mask,490.15989739204787,816.2830269345874,13,0.05915796809316509,-0.03495016786297356,0.11153528859952733,0.1070830932221023,-0.1070830932221023,0.10708309322210185,0.0,-0.10708309322210052,-1.3322676295501878e-15,-0.13861138595787237,0.14798970002210865,-0.08631263134505573,0.11338872870339856,-0.11338872870339367,0.016236301851412893,0.0809690160197678,0.016183410832211198,0.07727830957328718,-0.04232814171031185,581.0,500.6895923599143,491.48528137423847,482.40954544295033,472.9195959492892,463.0154328932549,453.5254833995938,443.62132034355955,433.7171572875253,424.2272077938641,414.737258300203,572.2393398282202,405.7606601717798,397.0,563.262741699797,554.601219330882,545.5254833995939,536.8639610306789,528.1431457505075,519.1267027304758,510.05096679918773,786.0,816.3104076400857,819.0,822.0,824.0,825.0,827.0,828.0,829.0,831.0,833.0,789.7606601717798,836.2393398282202,838.0,793.0,797.0,800.0,804.0,807.8568542494924,811.0,814.0,206.36753236814724
2,14,dauerProtocol3,20220427,nan,0,m2X,p001,0,C02,C02,nan,20220427-dauerProtocol3-p001-m2X_C02_w1.TIF,20220427-dauerProtocol3-p001-m2X_C02_w2.TIF,wellmask_98.png,/Users/timcrombie/Desktop/CP_test3/raw_images,/Users/timcrombie/Desktop/CP_test3/raw_images,/Users/timcrombie/Desktop/CP_test3/well_mask,1245.657384561156,981.0602749383152,14,0.0,-0.08761857846589116,0.08761857846589116,-0.08761857846589205,0.16038187602714649,-0.06300646187172454,-0.009756835689529897,-0.017330191080080715,0.03419875089022639,-0.016868559810145678,0.08761857846589205,0.07653300201572777,-0.07653300201572777,0.08761857846589116,-0.08761857846589116,0.079085672604855,-0.07110250787204353,-0.08779141708655369,0.07980825235374223,1247.0,1245.0,1245.0,1246.0,1246.0,1247.0,1246.1066018271667,1246.0,1246.0,1246.2183760451614,1246.0,1247.0,1246.0,1245.0,1247.0,1246.0,1246.0,1245.0,1245.0,1244.101136201229,1244.0,859.0,971.272970811677,983.8994949366119,995.2833783744275,1006.2530482498698,1017.6369316876853,1029.8933981728333,1040.8189121256896,1054.2738633753706,1066.873504180646,1079.8180195619957,872.454951249681,1091.6161165621845,1103.0,885.0814753746159,898.122213061924,909.9203100621127,921.3041934999283,934.7591447496093,946.1011362012289,958.7695523123598,269.0990249936214
2,15,dauerProtocol3,20220427,nan,0,m2X,p001,0,C02,C02,nan,20220427-dauerProtocol3-p001-m2X_C02_w1.TIF,20220427-dauerProtocol3-p001-m2X_C02_w2.TIF,wellmask_98.png,/Users/timcrombie/Desktop/CP_test3/raw_images,/Users/timcrombie/Desktop/CP_test3/raw_images,/Users/timcrombie/Desktop/CP_test3/well_mask,435.7993254637437,1006.9696458684655,15,0.15633572281118857,0.004753976705698992,-0.1497582897766927,0.06772154503282701,0.017951772993994197,0.06334438810196241,0.007017812242527732,-0.011031205300317648,-0.048964293327359965,-0.013215849204960772,-0.10145072267190924,-0.0822365828848719,0.08223658288487012,-0.07844434733143446,0.10497704840327104,-0.05672317372691271,-0.12614525015611022,-0.13824402304682515,0.04507750918106446,559.0,445.2227075324572,434.0777959322213,420.9696806229676,408.9460893662913,397.304609337881,384.89890685293864,373.652096749964,359.97304468314564,348.82813308290974,335.48093971266326,546.5524233624817,322.20493595039886,311.0,534.1048467249636,521.2430565250722,508.79547988755405,495.9531115284837,483.6366270529939,471.0385364126263,458.5909597751081,1020.0,1002.7772924675428,1002.9222040677787,1003.0303193770324,1004.9460893662913,1006.0,1006.8989068529387,1007.0,1007.0269553168544,1007.1718669170903,1008.0,1019.0,1009.0,1011.0,1016.0,1014.0,1011.0,1008.9531115284838,1005.636627052994,1003.0,1002.0,273.8043464927499
2,16,dauerProtocol3,20220427,nan,0,m2X,p001,0,C02,C02,nan,20220427-dauerProtocol3-p001-m2X_C02_w1.TIF,20220427-dauerProtocol3-p001-m2X_C02_w2.TIF,wellmask_98.png,/Users/timcrombie/Desktop/CP_test3/raw_images,/Users/timcrombie/Desktop/CP_test3/raw_images,/Users/timcrombie/Desktop/CP_test3/well_mask,411.40964360587003,1103.2020964360588,16,-0.008392352669846614,0.09671204282979895,0.2097940874192703,1.3766765505351941e-14,0.17466712153562702,-0.022284293029669833,0.06517979110112027,-0.09160891084320033,-0.011878118374021085,0.07688693628313681,-0.07688693628312215,0.10275272445995065,-0.10275272445995287,2.220446049250313e-15,0.018372586916204803,-0.11508462974600375,0.09671204282979673,-0.19342408565959546,0.09671204282979873,425.0,418.0,418.0,417.0,414.0,411.0,406.3974134085944,402.0,397.0,392.8451533137039,388.79913780286483,424.0,384.04601551083914,380.0,423.0,421.0,420.0,419.0,418.0,418.0,417.0,1006.0,1093.7988852711708,1104.5208152801715,1114.828531726799,1124.3078210486806,1133.7871103705618,1142.6025865914057,1151.503048327205,1160.1539105243403,1169.154846686296,1178.2008621971352,1015.4792893218814,1186.953984489161,1196.0,1025.7870057685088,1035.6805086527634,1045.988225099391,1056.2959415460184,1064.9468037431536,1073.1834523779157,1083.4911688245434,214.43860018001294
2,17,dauerProtocol3,20220427,nan,0,m2X,p001,0,C02,C02,nan,20220427-dauerProtocol3-p001-m2X_C02_w1.TIF,20220427-dauerProtocol3-p001-m2X_C02_w2.TIF,wellmask_98.png,/Users/timcrombie/Desktop/CP_test3/raw_images,/Users/timcrombie/Desktop/CP_test3/raw_images,/Users/timcrombie/Desktop/CP_test3/well_mask,639.2670986321094,1096.4524838012958,17,0.007802898725212781,0.0705340743284717,0.019455477712641223,-0.06672404060508041,-0.01775591611756111,-0.03168073772771285,-0.08493589514392941,-0.036432449727121785,0.07307235255148825,-0.041171247877982875,-0.06263094876580899,-0.1335858129113645,0.13358581291135385,-0.009852695838732384,-0.041258338959903273,0.09507887299754847,-0.09507887299755291,0.09507887299755291,3.552713678800501e-15,744.0,650.3606601717796,639.7071067811862,628.7449747468304,617.6970562748475,606.9420310216782,596.2644660940671,585.7248737341528,575.5556349186103,565.5464466094066,555.2171572875254,733.3662950903902,545.0677669529664,535.0,722.9041630560343,713.0278174593052,702.5656854249492,692.1464466094067,681.9071067811864,671.2535533905931,661.0142135623729,1052.0,1094.0,1098.0,1101.2550252531696,1104.3029437251525,1108.057968978322,1112.0,1116.2751262658471,1121.4443650813896,1127.0,1131.7828427124746,1056.6337049096098,1137.0,1143.0,1061.0958369439657,1066.9721825406948,1071.4343145750508,1076.0,1081.0,1085.0,1090.0,246.20815280171345
2,18,dauerProtocol3,20220427,nan,0,m2X,p001,0,C02,C02,nan,20220427-dauerProtocol3-p001-m2X_C02_w1.TIF,20220427-dauerProtocol3-p001-m2X_C02_w2.TIF,wellmask_98.png,/Users/timcrombie/Desktop/CP_test3/raw_images,/Users/timcrombie/Desktop/CP_test3/raw_images,/Users/timcrombie/Desktop/CP_test3/well_mask,1072.35237769415,1100.8272322955868,18,0.0,0.2451773291623205,-0.08779840054370602,0.0,0.07667024815378376,-4.440892098500626e-16,1.3322676295501878e-15,-1.3322676295501878e-15,1.3322676295501878e-15,0.00518844518809658,-0.23620249690302586,-0.005188445188097468,0.005188445188097468,-0.014447416285740644,-0.005834990919554528,-0.02900621207948939,0.12273022287878455,-0.07863004878209745,-0.07552023527673324,1197.0,1084.8148430185681,1072.211754388729,1060.8513064460094,1049.9050720656628,1038.1304105605702,1025.113108368358,1012.0958061761459,999.0785039839338,986.0612017917216,973.0438995995096,1183.9826978077879,960.8550245320437,948.0,1170.9653956155757,1158.7765205481098,1145.7592183558977,1132.8175071692276,1120.3910591094118,1107.964611049596,1097.003718086034,1094.0,1103.0,1105.0,1104.0,1104.0,1104.0,1103.0,1102.0,1101.0,1100.0,1099.0,1095.0,1098.0,1100.0,1096.0,1097.0,1098.0,1099.1824928307724,1100.3910591094118,1101.9646110495962,1102.0,268.6303150917041
2,19,dauerProtocol3,20220427,nan,0,m2X,p001,0,C02,C02,nan,20220427-dauerProtocol3-p001-m2X_C02_w1.TIF,20220427-dauerProtocol3-p001-m2X_C02_w2.TIF,wellmask_98.png,/Users/timcrombie/Desktop/CP_test3/raw_images,/Users/timcrombie/Desktop/CP_test3/raw_images,/Users/timcrombie/Desktop/CP_test3/well_mask,813.3555739743058,1328.3012847078326,19,0.11430647296169627,-0.09244383803371048,-0.062386446600192214,-1.4988010832439613e-14,0.014265530601237919,0.047219920558568385,0.014518354861726257,-0.07600380602152024,-0.05928276225868778,-0.0006544000337783684,0.10584017923313371,-0.17757183263772425,0.05367680777244943,-0.15188142068552568,-0.030457238284074206,0.022957653624325225,-0.04600528934275361,-0.0864660599586522,9.325873406851315e-15,785.0,805.0,809.0,813.8473827713628,819.2762409946766,824.7050992179903,830.0,834.8557088834312,839.5774603255585,845.0063185488722,851.0,786.1862175361945,857.0,862.0,786.2008621971352,788.0,789.2804040507108,792.0,795.0,797.7888041276,801.0,1235.0,1321.1569588515451,1330.177669529664,1338.8473827713628,1347.2762409946768,1355.7050992179902,1364.189444430273,1372.8557088834314,1381.5774603255586,1390.0063185488723,1398.201219330882,1245.1862175361946,1406.3935028842543,1415.0,1254.2008621971352,1264.1331998462215,1274.2804040507108,1283.8314754519513,1293.266399692443,1302.7888041276,1312.1362481734266,213.5512985522211
2,20,dauerProtocol3,20220427,nan,0,m2X,p001,0,C02,C02,nan,20220427-dauerProtocol3-p001-m2X_C02_w1.TIF,20220427-dauerProtocol3-p001-m2X_C02_w2.TIF,wellmask_98.png,/Users/timcrombie/Desktop/CP_test3/raw_images,/Users/timcrombie/Desktop/CP_test3/raw_images,/Users/timcrombie/Desktop/CP_test3/well_mask,529.2168157423971,1364.0289803220037,20,-0.011500707981072611,-0.02842228136869074,0.10934829137757163,-0.06661474594731187,-4.013456234019941e-14,-0.0673036269515872,0.025246340160713032,0.016902609551445402,-0.0731813457262534,-0.01989726468255354,0.00882318790116865,0.022945649014743164,-0.011444941033651568,-1.8984813721090177e-14,0.05614174676276551,-0.15570405330572645,-0.04927333585045962,0.21243602822167412,-0.20988560608032036,432.0,518.857139318801,529.3644370858888,539.6992098673035,549.5549373622321,559.7035580759741,569.8521787897163,580.2936927222718,590.6255256600307,600.8838273685694,611.4601020804511,441.56283427611527,622.3756050086033,633.0,451.17772217092806,460.6885028283457,470.2513371044609,479.81417138057617,489.11895295041126,499.2595922500395,509.5871982614992,1304.0,1361.857139318801,1367.0,1371.6992098673036,1377.554937362232,1382.7035580759743,1387.8521787897162,1392.2936927222718,1397.0,1401.8838273685694,1406.0,1310.5628342761152,1410.0,1414.0,1317.0,1323.6885028283457,1330.251337104461,1336.8141713805762,1344.0,1349.5648980625099,1354.5871982614992,245.62498481778334
2,21,dauerProtocol3,20220427,nan,0,m2X,p001,0,C02,C02,nan,20220427-dauerProtocol3-p001-m2X_C02_w1.TIF,20220427-dauerProtocol3-p001-m2X_C02_w2.TIF,wellmask_98.png,/Users/timcrombie/Desktop/CP_test3/raw_images,/Users/timcrombie/Desktop/CP_test3/raw_images,/Users/timcrombie/Desktop/CP_test3/well_mask,1231.8134263295553,1333.4285091543156,21,0.10119809313420225,-0.01354805349581012,0.019687731642826556,-0.08134423673520397,0.042802152503657265,-0.00414812911819773,-0.11990856854112852,0.08125454515567831,-0.0016377898934716306,-0.07799130482067218,0.07962909471414381,0.005696323828022987,-0.10689441696220259,0.08036986652673406,-0.08362824903831356,-0.002881295635444925,7.993605777301127e-15,-0.11509313074363892,0.11509313074363892,1321.0,1240.6816233815925,1231.7573593128805,1222.8819805153394,1213.9355339059325,1205.2819805153395,1196.4745166004059,1187.6819805153393,1179.3213203435596,1170.6677669529663,1162.0201010126775,1312.0535533905932,1153.6535533905933,1145.0,1302.737258300203,1294.16066017178,1285.214213562373,1275.9748737341529,1267.0402020253553,1258.1159379566434,1249.1916738879313,1305.0,1330.0,1333.0,1336.1180194846606,1339.0644660940673,1342.7180194846605,1346.0,1349.3180194846607,1353.6786796564404,1357.3322330470337,1361.0,1307.9464466094068,1365.3464466094067,1369.0,1310.0,1311.8393398282203,1314.785786437627,1317.0251262658471,1320.0,1323.0,1326.0,203.33809511662452
2,22,dauerProtocol3,20220427,nan,0,m2X,p001,0,C02,C02,nan,20220427-dauerProtocol3-p001-m2X_C02_w1.TIF,20220427-dauerProtocol3-p001-m2X_C02_w2.TIF,wellmask_98.png,/Users/timcrombie/Desktop/CP_test3/raw_images,/Users/timcrombie/Desktop/CP_test3/raw_images,/Users/timcrombie/Desktop/CP_test3/well_mask,804.1588541666666,1478.4285714285713,22,0.12992450233226682,0.07549982314424808,0.0,-0.0987197884798326,3.774758283725532e-15,-0.07114404755994408,0.014638166388765916,-0.2504839214584509,0.26498451327277783,-0.1524967734749199,0.19450206283176735,-0.0032557515927253977,-0.06055068084427184,-9.658940314238862e-15,-0.10073352038585504,-0.06697516969097822,-0.1054158793825935,0.2110447197965145,-0.20110549722791532,711.0,793.7651803615611,803.8578643762693,813.6336003075573,823.4093362388454,833.5992857325066,843.7892352261676,854.2781745930521,864.7053823869163,875.425483399594,885.7916738879314,720.2556349186104,896.8100505063388,907.0,728.9254833995939,737.1811183182043,746.1438600180013,755.1066017177982,764.5122799639976,774.203657992646,784.3379725676969,1421.0,1477.765180361561,1482.0,1487.0,1492.0,1496.0,1500.0,1503.2781745930522,1506.7053823869162,1507.425483399594,1511.0,1427.2556349186104,1513.0,1517.0,1434.925483399594,1442.1811183182042,1449.1438600180013,1456.1066017177982,1462.0,1467.2036579926462,1471.3379725676969,236.9360748630712
2,23,dauerProtocol3,20220427,nan,0,m2X,p001,0,C02,C02,nan,20220427-dauerProtocol3-p001-m2X_C02_w1.TIF,20220427-dauerProtocol3-p001-m2X_C02_w2.TIF,wellmask_98.png,/Users/timcrombie/Desktop/CP_test3/raw_images,/Users/timcrombie/Desktop/CP_test3/raw_images,/Users/timcrombie/Desktop/CP_test3/well_mask,443.2316202712348,1585.085296216988,23,0.11878251895683745,-0.060332346556474126,-0.003810690162405206,0.13265851386606953,-0.015439698307830096,-0.042899324768252534,-0.018042503308812297,0.1874936980362658,-0.11650752247749052,-0.06312012632107389,0.06193525467670413,-0.12185186569153739,0.23022289364007875,-0.15100537676127423,-0.01675691066568552,-0.059391259478419056,1.432187701766452e-14,-0.06193525467670702,9.325873406851315e-15,358.0,433.229869571339,442.43160912789085,452.09781477850987,461.592447553875,470.6298909960004,479.1674995422323,488.48048805280393,497.74255153058954,505.8089948927179,514.8894141057101,366.90884633773834,524.0911536622617,533.0,374.8176926754767,383.31232545084185,390.0,398.0086977827588,406.2104373393106,415.11928367704894,424.0281300147873,1506.0,1579.229869571339,1586.4316091278909,1593.09781477851,1599.592447553875,1607.7224182470004,1615.1674995422322,1622.610366039603,1629.7425515305897,1638.808994892718,1646.8894141057099,1513.9088463377382,1654.0911536622616,1662.0,1522.8176926754766,1530.3123254508419,1539.7269977053975,1548.0086977827589,1556.2104373393106,1564.1192836770488,1572.0281300147872,243.6959550710861
2,24,dauerProtocol3,20220427,nan,0,m2X,p001,0,C02,C02,nan,20220427-dauerProtocol3-p001-m2X_C02_w1.TIF,20220427-dauerProtocol3-p001-m2X_C02_w2.TIF,wellmask_98.png,/Users/timcrombie/Desktop/CP_test3/raw_images,/Users/timcrombie/Desktop/CP_test3/raw_images,/Users/timcrombie/Desktop/CP_test3/well_mask,974.7591452372329,1603.2401303875408,24,0.05998805830887355,0.06054529869486258,-0.060545298694862915,-1.3433698597964394e-14,-0.06054529869487113,0.060545298694892,-2.0872192862952943e-14,2.0095036745715333e-14,-2.6867397195928788e-14,-0.08275933565487836,0.04409284180474227,0.11120197672253818,-0.03565967043228657,-0.07121703261486712,-0.06431333198425804,0.11092607388703835,-0.09711524185830456,0.1099153512883404,3.3306690738754696e-16,890.0,967.6486318308974,975.6897112156694,983.4378973816279,991.8931903287729,1000.3484832759179,1009.0966694418763,1017.1377488266481,1025.5930417737932,1034.048334720938,1042.503627668083,899.041079384772,1051.3561185392948,1060.0,907.3750519883574,915.4016273163888,923.7501039767147,932.6558871670634,941.6969665518354,950.2153274484582,959.1933388837524,1524.0,1594.6486318308973,1602.6897112156694,1611.4378973816279,1619.893190328773,1628.348483275918,1636.0966694418762,1644.1377488266482,1652.5930417737932,1661.0483347209383,1669.503627668083,1531.041079384772,1677.0,1685.0,1538.3750519883572,1547.2021697551852,1555.7501039767149,1563.6558871670634,1570.6969665518354,1579.0,1586.1933388837522,239.15179919380196
2,25,dauerProtocol3,20220427,nan,0,m2X,p001,0,C02,C02,nan,20220427-dauerProtocol3-p001-m2X_C02_w1.TIF,20220427-dauerProtocol3-p001-m2X_C02_w2.TIF,wellmask_98.png,/Users/timcrombie/Desktop/CP_test3/raw_images,/Users/timcrombie/Desktop/CP_test3/raw_images,/Users/timcrombie/Desktop/CP_test3/well_mask,841.5473211421238,1599.316329804299,25,0.23451550599385945,-1.1324274851176597e-14,0.059406787434240105,0.0924304244837395,-0.0689733268170184,0.03476290866572296,-0.09997350945610672,0.05537123226844021,4.773959005888173e-15,0.0005259998303482893,0.09771619254158459,-0.056687836846420425,0.1112420697600146,-0.0556200948975325,-0.03325013472505678,0.012346067762835533,-0.15234470166693337,0.05940678743421968,-0.05940678743422401,736.0,830.9387007467959,842.067648097212,853.1965954476279,864.0326495792303,874.4001054447974,885.1189714048085,895.6621323175974,906.704542033049,917.4726875624663,928.2408330918834,747.4218405692295,939.0063488440073,949.0,757.672108263205,768.2152691759942,777.9208073939323,788.1802706580127,798.6088731765037,808.9736992647775,820.1026466151934,1527.0,1593.938700746796,1600.067648097212,1606.1965954476277,1613.0326495792303,1621.0,1628.1189714048082,1635.6621323175973,1642.0,1649.0,1656.0,1532.4218405692295,1663.0063488440073,1671.0,1540.672108263205,1548.2152691759943,1556.940605545449,1565.1802706580127,1573.0,1580.9736992647775,1587.1026466151934,273.35280932057873
2,26,dauerProtocol3,20220427,nan,0,m2X,p001,0,C02,C02,nan,20220427-dauerProtocol3-p001-m2X_C02_w1.TIF,20220427-dauerProtocol3-p001-m2X_C02_w2.TIF,wellmask_98.png,/Users/timcrombie/Desktop/CP_test3/raw_images,/Users/timcrombie/Desktop/CP_test3/raw_images,/Users/timcrombie/Desktop/CP_test3/well_mask,858.3069985569986,1692.1991341991343,26,-0.08434397042624031,0.14722091853424057,0.0823424038335192,-0.17457704665320994,0.17457704665320906,0.0901010408822045,0.17244344471572326,0.01311325315190981,-0.02188742705326785,-0.02411026326787935,-0.09536205241915363,-0.024974120415524048,-0.19500393260536208,0.17807236345099353,-0.060456418230786735,-3.552713678800501e-15,0.0,0.05533790254680104,-0.015852742854118418,968.0,869.5838428488992,858.7570775058131,847.2742629740452,836.2056620046504,825.1370610352557,814.068460065861,801.7572184093469,790.2744038775791,779.6200164705574,768.0970164213101,956.5171854682321,756.4627217730281,746.0,945.0922933290907,933.7033192375756,923.3619178081071,912.4432281032947,901.7888406962729,891.1344532892513,880.4800658822296,1663.0,1695.4161571511008,1699.0,1701.0,1702.0,1705.0,1706.0,1706.0,1704.0,1702.0,1700.09701642131,1665.0,1698.462721773028,1698.0,1668.0,1671.2966807624243,1676.6380821918929,1680.0,1684.0,1688.0,1692.0,246.2248331302814
2,27,dauerProtocol3,20220427,nan,0,m2X,p001,0,C02,C02,nan,20220427-dauerProtocol3-p001-m2X_C02_w1.TIF,20220427-dauerProtocol3-p001-m2X_C02_w2.TIF,wellmask_98.png,/Users/timcrombie/Desktop/CP_test3/raw_images,/Users/timcrombie/Desktop/CP_test3/raw_images,/Users/timcrombie/Desktop/CP_test3/well_mask,655.2256164887743,1599.4000736106,27,0.08812136350483543,-0.028135920338066073,0.1102619629393331,-0.01971943020051599,0.1670859828252706,-4.773959005888173e-15,0.0903532541708914,-0.09629704051075591,0.09908539404308683,0.009151700791775907,0.06448367628093793,-0.12227479063786253,-0.03957003934575992,-0.05263248374170831,0.15215232279281607,-0.10476099189275591,-0.05291760467469986,-0.0073722756681977065,-0.002116732057853475,542.0,643.3517351031281,653.8970778019317,664.1495272819218,674.9826945508277,686.582352716363,698.1820108818981,709.7816690474335,720.9671136505957,732.8578797528864,744.0306349459526,554.0138717279085,755.161764082383,766.0,565.6135298934437,577.4436399409856,588.574769077416,599.5840772653037,609.9410947437198,621.540752909255,633.3921788419515,1585.0,1596.6482648968718,1596.8970778019318,1596.8504727180782,1598.0,1599.0,1602.0,1605.0,1609.0,1612.0,1616.0306349459524,1587.0,1620.161764082383,1625.0,1590.0,1591.5563600590144,1592.574769077416,1593.0,1595.0,1596.0,1596.3921788419514,256.8459770530925
2,28,dauerProtocol3,20220427,nan,0,m2X,p001,0,C02,C02,nan,20220427-dauerProtocol3-p001-m2X_C02_w1.TIF,20220427-dauerProtocol3-p001-m2X_C02_w2.TIF,wellmask_98.png,/Users/timcrombie/Desktop/CP_test3/raw_images,/Users/timcrombie/Desktop/CP_test3/raw_images,/Users/timcrombie/Desktop/CP_test3/well_mask,745.5016405395552,1744.026977761575,28,0.09525288524229025,-0.06824214662702976,3.441691376337985e-14,-0.053539397589309035,0.08544978071810316,-0.09651679926256573,0.0,-0.18842479009057833,0.25303120622434216,-0.03190176318677018,0.06381214631557208,-0.05041018843044687,-0.08699743489704681,0.040090014688284326,0.07116207505773242,-0.027948406937712722,0.07395967643581702,-0.023452103616282916,0.1364449304604225,693.0,742.831205433332,746.4543950758487,750.784691499552,755.1149879232551,760.0,764.0,769.0,774.0,781.0091107288905,785.3394071525936,699.0,790.0,794.0,704.0,709.5264231770425,715.9780399443052,722.0,727.2953946279549,733.0,737.7938022284422,1645.0,1733.831205433332,1744.4543950758489,1754.7846914995519,1765.1149879232553,1775.215513600208,1785.6826232822123,1795.7355194018435,1805.7884155214747,1815.0091107288904,1825.3394071525936,1654.6386825572583,1835.5328903179957,1846.0,1664.6915786768895,1674.5264231770425,1683.9780399443052,1693.6076263486643,1703.59078925591,1713.6554961953007,1723.7938022284425,242.47927862993635
2,29,dauerProtocol3,20220427,nan,0,m2X,p001,0,C02,C02,nan,20220427-dauerProtocol3-p001-m2X_C02_w1.TIF,20220427-dauerProtocol3-p001-m2X_C02_w2.TIF,wellmask_98.png,/Users/timcrombie/Desktop/CP_test3/raw_images,/Users/timcrombie/Desktop/CP_test3/raw_images,/Users/timcrombie/Desktop/CP_test3/well_mask,1465.0724337748345,1729.0848509933776,29,0.0,-0.1538563570595674,0.06739508945729134,-0.027591641315887594,-0.08936033946806649,0.19841466844091715,-0.015982540846460336,-0.07718336489456756,-0.015888423231822768,0.0,-0.20451813672931177,1.8984813721090177e-14,-3.7969627442180354e-14,-0.14008527540885973,0.05205071835154296,-0.13926528339023087,-0.00495524070119896,0.15658669850840962,-0.07688949788704047,1377.0,1456.0688184258327,1465.1145922232038,1474.746152458202,1484.1199528510306,1493.5989003384473,1502.663634263491,1511.7283681885344,1520.8537011014978,1530.2720496009947,1539.7509970884114,1385.4599873597442,1549.229944575828,1559.0,1393.9199747194884,1402.3799620792327,1410.8399494389769,1419.8383882509793,1428.6386038149058,1437.9678561010664,1447.315937847275,1686.0,1728.0688184258327,1732.114592223204,1734.746152458202,1738.0,1741.0,1743.0,1747.0,1750.8537011014978,1754.0,1757.0,1691.4599873597442,1760.0,1761.0,1696.9199747194884,1702.3799620792329,1707.8399494389769,1712.0,1716.6386038149058,1720.0,1723.315937847275,214.43176349071928
2,30,dauerProtocol3,20220427,nan,0,m2X,p001,0,C02,C02,nan,20220427-dauerProtocol3-p001-m2X_C02_w1.TIF,20220427-dauerProtocol3-p001-m2X_C02_w2.TIF,wellmask_98.png,/Users/timcrombie/Desktop/CP_test3/raw_images,/Users/timcrombie/Desktop/CP_test3/raw_images,/Users/timcrombie/Desktop/CP_test3/well_mask,1059.1446164672766,1813.5995777621392,30,-0.06456921418509909,0.1148228823310431,-0.11444700817282838,-0.002367742871384415,0.02865700842385177,0.003956974443704908,-0.03261398286754469,0.19311145126965545,-0.08998106051148147,-0.10313039075819352,0.0606950097456429,1.687538997430238e-14,0.12740339237364617,-0.026902376341978673,0.111428899426401,-0.20460135815979275,0.11311322379589495,0.006961611279463931,0.001991868713181244,1130.0,1068.3430717856866,1060.964466094067,1052.6066756826187,1045.0669047558308,1037.698706704297,1030.0,1022.2552038200427,1014.8870057685087,1005.7337049096095,997.4435028842543,1123.3389087296525,990.0753048327205,982.0,1117.3849242404917,1111.4309397513307,1104.0627416997968,1097.0,1089.0334523779154,1083.0,1075.7112698372205,1720.0,1805.6569282143134,1815.0,1823.3933243173813,1832.9330952441692,1842.301293295703,1851.5325901807807,1860.7447961799576,1870.1129942314913,1878.0,1886.5564971157455,1729.6610912703472,1895.9246951672794,1905.0,1739.6150757595083,1749.5690602486693,1758.9372583002032,1768.4319805153395,1776.9665476220846,1786.8876154339503,1796.2887301627793,248.40411229460707
3,1,dauerProtocol3,20220427,nan,0,m2X,p001,0,D03,D03,nan,20220427-dauerProtocol3-p001-m2X_D03_w1.TIF,20220427-dauerProtocol3-p001-m2X_D03_w2.TIF,wellmask_98.png,/Users/timcrombie/Desktop/CP_test3/raw_images,/Users/timcrombie/Desktop/CP_test3/raw_images,/Users/timcrombie/Desktop/CP_test3/well_mask,825.9785135611131,263.39661852765056,1,-0.08098262057044137,1.3322676295501878e-15,-0.06280660663484916,-3.1086244689504383e-15,0.10790759965400554,-0.15550637551455226,0.06499436937923342,-0.15788387230796586,0.07594749915404986,-1.1102230246251565e-14,0.18622539941185812,-0.13601176925121727,0.1302967540411597,0.0570573451669496,-0.028576488503865072,-0.06898538037669777,0.028404017009134197,0.03249261400357373,-0.11079691108899903,905.0,830.9677116952713,823.5959342726364,816.2241568500016,809.5594862085534,802.8948155671052,795.0,788.8583675030222,782.0,776.7373953863618,770.7798315261,895.9211157961786,764.8222676658384,757.0,887.5587637227611,880.7130948568417,872.4826957445298,863.7979671363182,855.4261897136834,847.4461703599763,839.4468297916536,175.0,253.03228830472878,262.4040657273636,271.7758431499984,281.4405137914466,291.1051844328949,300.26031236245154,310.1416324969779,319.72607127137303,330.26260461363825,340.2201684738999,183.0788842038214,350.1777323341616,359.0,191.83092720792916,201.28690514315832,210.0,218.20203286368178,226.57381028631661,235.7384395200315,244.4148776562598,248.5053521977191
3,2,dauerProtocol3,20220427,nan,0,m2X,p001,0,D03,D03,nan,20220427-dauerProtocol3-p001-m2X_D03_w1.TIF,20220427-dauerProtocol3-p001-m2X_D03_w2.TIF,wellmask_98.png,/Users/timcrombie/Desktop/CP_test3/raw_images,/Users/timcrombie/Desktop/CP_test3/raw_images,/Users/timcrombie/Desktop/CP_test3/well_mask,1527.9662986635676,437.2167344567112,2,-0.08155703686764015,0.0,0.028774525790208116,-0.014063035993948425,0.04956150526172953,-0.022997804531598387,-0.08261080054968506,-0.024695751787745968,-0.0006757012430707032,0.08141855285036925,-0.22657735828867975,0.0022829658359286853,0.006669838344067314,-0.03992553535496701,-0.14116303667092933,-0.17346156303279536,-0.0039164811738370275,-0.27414296466387467,-0.030043342603926382,1530.0,1514.7988764626957,1519.9916728727278,1525.18446928276,1530.0,1535.0,1539.3486449504833,1544.0,1549.7342377705475,1555.9279486823918,1562.0,1525.0,1567.0,1575.0,1521.0,1517.0441934985126,1513.0,1509.4870278031945,1508.0,1509.0,1510.0,301.0,425.79887646269566,438.9916728727278,452.18446928275995,465.5335342593646,478.80618955720894,492.3486449504833,505.76571371527064,518.7342377705475,531.8558973647836,544.6973300914308,314.2726552978444,557.969985389275,570.0,328.2506320948172,341.9558065014873,355.6243698152522,369.51297219680555,383.41232109806015,398.3418306453969,412.44291306798743,306.8744621941965
3,3,dauerProtocol3,20220427,nan,0,m2X,p001,0,D03,D03,nan,20220427-dauerProtocol3-p001-m2X_D03_w1.TIF,20220427-dauerProtocol3-p001-m2X_D03_w2.TIF,wellmask_98.png,/Users/timcrombie/Desktop/CP_test3/raw_images,/Users/timcrombie/Desktop/CP_test3/raw_images,/Users/timcrombie/Desktop/CP_test3/well_mask,657.5973782771536,497.6972534332085,3,-0.16103836833708957,-0.038062489948811895,0.09908828697175459,0.014692254334246646,0.021953187638008076,-0.06391815158121344,0.2031957846156926,-0.03309254561391617,0.010451953790575508,-0.020337938317325333,-0.017288907711757673,0.11813340488984875,-0.07688099187841957,0.064366842513779,0.02506789540333937,-0.047472823631264455,0.16052691088769203,-0.23300680636580873,0.13902499384221623,532.0,647.1371339073964,659.6710968200445,672.3977267548029,684.625417196731,696.7796399457688,708.8241499318451,721.2043503500907,732.819281307985,744.3309361358383,755.7896596842877,544.4771601883433,767.3512669364029,779.0,557.7827475014328,570.4766757087366,583.5654950028655,596.32305499377,608.9533514174732,621.8254026926415,633.8883493186117,462.0,491.13713390739645,495.0,498.3977267548029,503.0,507.77963994576885,512.8241499318451,517.1021751750453,524.0,530.3309361358383,536.7896596842877,466.0,543.0,549.0,468.0,471.4766757087366,474.0,477.32305499377003,480.95335141747324,484.0,489.0,282.6802887567132
3,4,dauerProtocol3,20220427,nan,0,m2X,p001,0,D03,D03,nan,20220427-dauerProtocol3-p001-m2X_D03_w1.TIF,20220427-dauerProtocol3-p001-m2X_D03_w2.TIF,wellmask_98.png,/Users/timcrombie/Desktop/CP_test3/raw_images,/Users/timcrombie/Desktop/CP_test3/raw_images,/Users/timcrombie/Desktop/CP_test3/well_mask,670.2576064908723,428.38052738336717,4,0.16944824134341074,0.0,0.1501036114107971,-0.2798282493312526,0.19032268886941084,-0.10423604217290472,0.09290037405962925,-0.0819329629696316,-0.007672571467560396,0.04034315160151847,0.4237996717928727,-0.004216698398408769,-0.0188913171328301,0.06252930835679493,-0.0677501538989822,-0.009354365659509867,0.067459518482482,-0.0534109379141996,0.06305593899019424,611.0,666.1909902576699,671.7677669529666,677.3445436482632,681.5071067811868,688.0,693.0,699.0,704.1071067811866,710.0,715.9677669529665,618.041242789364,721.544543648263,723.0,624.0,630.0,636.185786437627,641.7625631329236,648.0,654.3303300858901,660.0,346.0,420.1909902576699,428.76776695296655,437.3445436482632,446.50710678118674,454.1186291501018,462.934314575051,471.3357864376271,480.10710678118664,488.55294372515243,496.96776695296643,353.04124278936393,505.544543648263,515.0,361.45979797464474,369.86126983722085,378.1857864376269,386.7625631329237,395.0656854249494,403.33033008589007,411.86862915010175,217.73506473629465
3,5,dauerProtocol3,20220427,nan,0,m2X,p001,0,D03,D03,nan,20220427-dauerProtocol3-p001-m2X_D03_w1.TIF,20220427-dauerProtocol3-p001-m2X_D03_w2.TIF,wellmask_98.png,/Users/timcrombie/Desktop/CP_test3/raw_images,/Users/timcrombie/Desktop/CP_test3/raw_images,/Users/timcrombie/Desktop/CP_test3/well_mask,1046.0245928880026,564.5879029577933,5,-0.14247949684570171,0.072727015753689,0.007533665274535473,0.0564908079406512,-0.10223180410141075,0.062099127504026574,2.0872192862952943e-14,-0.06002167291664717,0.04366354157336305,-0.08777161613299866,-0.08681731066726561,0.009350670880077905,-0.029075841278443315,-0.00388747050283178,-0.01812430584850544,0.009056997657544086,0.07321950534979482,-0.05870747667771403,-0.0070010935673074925,1092.0,1052.0,1047.9142135623729,1043.0,1038.0,1032.3550252531693,1027.8757359312879,1022.6893398282201,1017.5029437251521,1013.0,1008.0,1086.0,1004.0,1001.0,1081.6272077938643,1077.1479184719828,1073.0,1068.8964466094067,1065.0,1061.0,1056.165685424949,451.0,554.4435028842547,566.0857864376271,577.384924240492,588.6485281374241,599.6449747468307,611.124264068712,622.31066017178,633.4970562748479,644.9665476220845,656.2301515190165,461.849390334559,667.9079689783217,680.0,473.37279220613584,484.8520815280172,496.4686291501016,508.10355339059333,519.8242640687121,531.5020815280174,542.8343145750509,266.6934341759521
3,6,dauerProtocol3,20220427,nan,0,m2X,p001,0,D03,D03,nan,20220427-dauerProtocol3-p001-m2X_D03_w1.TIF,20220427-dauerProtocol3-p001-m2X_D03_w2.TIF,wellmask_98.png,/Users/timcrombie/Desktop/CP_test3/raw_images,/Users/timcrombie/Desktop/CP_test3/raw_images,/Users/timcrombie/Desktop/CP_test3/well_mask,564.1300708306503,587.4636188023181,6,0.0852796083994889,7.549516567451064e-15,-4.440892098500626e-15,-0.057991275901547734,0.057991275901552175,0.059174826603834774,0.007710928972676889,-0.1322638056607004,0.17537935371239843,-0.004829395947790083,-0.032128727138163615,-0.1667353420753015,0.10280954342013748,-0.13117006923482455,0.024722313437830934,0.08509394605266873,0.03968466569910145,-0.13864696569019186,-0.05917482660384854,678.0,574.3005554913741,563.4292688100012,552.5579821286283,541.6866954472555,531.1083019846959,520.237015303323,509.0728354031366,497.87081937342407,487.3302620403907,475.62125301918616,666.3536009961142,464.2321854415126,453.0,654.2929884298553,643.0429942053735,631.2930278675601,620.1822185429442,608.9500331014314,597.3036340975456,585.4647353915607,531.0,578.6994445086258,585.5707311899988,592.4420178713717,599.3133045527446,606.8916980153041,613.762984696677,619.9271645968633,626.0,633.6697379596093,639.3787469808138,536.0,645.0,651.0,540.0,545.9570057946265,550.7069721324399,557.0,563.0,568.0,572.5352646084394,274.34933631502537
3,7,dauerProtocol3,20220427,nan,0,m2X,p001,0,D03,D03,nan,20220427-dauerProtocol3-p001-m2X_D03_w1.TIF,20220427-dauerProtocol3-p001-m2X_D03_w2.TIF,wellmask_98.png,/Users/timcrombie/Desktop/CP_test3/raw_images,/Users/timcrombie/Desktop/CP_test3/raw_images,/Users/timcrombie/Desktop/CP_test3/well_mask,1519.940580688724,713.5398379473329,7,-0.057434947264488834,-0.0584434941464278,0.045036393557379206,-1.199040866595169e-14,-0.05611182202983178,-6.217248937900877e-15,-1.2434497875801753e-14,-0.05611182202984999,-1.3322676295501878e-14,0.056111822029881964,-0.05611182202986864,-0.043375831337317816,0.031192161380289907,0.13003424491237547,-0.01761853641892852,0.03506155559233948,0.0970714312225569,-0.025665748243372644,0.09518467086225879,1598.0,1531.7389024821255,1522.1917149116907,1513.4412454382425,1504.0398211811873,1494.6383969241324,1485.5298658858906,1476.4213348476487,1467.3128038094071,1458.911379552352,1450.509955295297,1591.012789305318,1441.4014242570552,1433.0,1584.5611125165685,1578.3905362116484,1572.1801474257636,1564.4858299498949,1557.0,1549.0971949981576,1539.9886639599156,618.0,706.6958231384059,715.0,723.5587545617575,731.9601788188127,740.3616030758678,749.4701341141094,758.5786651523512,767.6871961905929,777.088620447648,786.4900447047032,627.9872106946822,795.5985757429448,805.0,638.4388874834315,649.4792850511355,659.8198525742365,669.5141700501051,679.2948458868178,688.9028050018426,698.0113360400843,257.6281625515556
3,8,dauerProtocol3,20220427,nan,0,m2X,p001,0,D03,D03,nan,20220427-dauerProtocol3-p001-m2X_D03_w1.TIF,20220427-dauerProtocol3-p001-m2X_D03_w2.TIF,wellmask_98.png,/Users/timcrombie/Desktop/CP_test3/raw_images,/Users/timcrombie/Desktop/CP_test3/raw_images,/Users/timcrombie/Desktop/CP_test3/well_mask,510.6119343211854,735.9819783740488,8,-0.07389566866940611,0.0750086303193585,-4.3298697960381105e-15,-5.329070518200751e-15,0.07376740981486285,-5.995204332975845e-15,0.0,0.07178174402466952,-1.9984014443252818e-15,0.06917145838738636,0.0,-0.03656329014247117,0.07376740981484131,-0.07376740981484131,0.07376740981484442,-0.11276692863163235,0.0776603599367674,-0.03866084111997947,-0.07500863031936128,423.0,502.2372583002033,511.46446609406746,520.3987806691183,529.333095244169,538.2674098192199,546.9088311754571,555.5502525316944,564.1916738879316,572.5402020253555,580.8887301627792,431.4928932188135,588.9443650813896,597.0,440.28284271247463,449.2171572875254,457.85857864376277,466.79289321881356,475.43431457505085,484.52132034355986,493.3029437251525,684.0,731.2372583002033,735.4644660940675,740.3987806691183,745.333095244169,750.2674098192198,755.9088311754571,761.5502525316944,767.1916738879316,773.5402020253555,779.8887301627792,690.0,786.9443650813896,794.0,695.2828427124746,700.2171572875254,705.8585786437627,710.7928932188136,716.4343145750508,721.0,726.3029437251524,219.56349186104092
3,9,dauerProtocol3,20220427,nan,0,m2X,p001,0,D03,D03,nan,20220427-dauerProtocol3-p001-m2X_D03_w1.TIF,20220427-dauerProtocol3-p001-m2X_D03_w2.TIF,wellmask_98.png,/Users/timcrombie/Desktop/CP_test3/raw_images,/Users/timcrombie/Desktop/CP_test3/raw_images,/Users/timcrombie/Desktop/CP_test3/well_mask,770.1541290538281,951.6405884319626,9,-0.08852991305230828,-0.0035874888945279793,0.0,0.03411969030963702,0.007133987057603708,0.008053623233603702,0.07719850832374364,-0.038424370301355815,0.03597539583089704,0.01567146454341284,-0.06795854878294394,0.08852991305230828,0.06348369709538781,-0.054047936154580256,-1.687538997430238e-14,1.2878587085651816e-14,-4.440892098500626e-16,0.062333989273786194,-0.06818226132006133,822.0,776.0405247757895,771.0,766.0,761.0,755.6140913428072,750.0,744.4418319429249,738.0,732.0,725.5864729622555,817.0,718.8137151394321,713.0,813.0,808.0,802.2806733482041,797.1740649899584,792.067456631713,786.9608482734673,781.8542399152217,841.0,940.9594752242106,952.0934562985595,963.2442232846528,974.394990270746,985.3859086571927,996.6386018503059,1007.5581680570751,1018.1117086977462,1028.8482621214662,1039.4135270377446,852.1507669860932,1050.1862848605679,1061.0,863.7157475345596,874.8665145206528,885.7193266517959,896.8259350100415,907.932543368287,919.0391517265327,930.1457600847782,264.43669595917464
3,10,dauerProtocol3,20220427,nan,0,m2X,p001,0,D03,D03,nan,20220427-dauerProtocol3-p001-m2X_D03_w1.TIF,20220427-dauerProtocol3-p001-m2X_D03_w2.TIF,wellmask_98.png,/Users/timcrombie/Desktop/CP_test3/raw_images,/Users/timcrombie/Desktop/CP_test3/raw_images,/Users/timcrombie/Desktop/CP_test3/well_mask,600.1420581655481,985.7900820283371,10,-7.993605777301127e-15,0.06900527486970565,-0.08122525920567991,-0.1336132428366037,-0.16408304108206506,0.06585930353618519,0.021373889749693342,-0.007705029403224595,0.04159337681978248,-0.040147786909811245,0.04967043889635514,-0.06302352524919996,-0.060399574959352886,-1.3322676295501878e-14,-0.12342310020855285,-0.06529166821339727,-0.06710161562980677,-0.0683634302497711,-0.1380152155477996,663.0,595.1578536674112,591.6323594495911,587.3997584505846,584.0,582.0,581.8470346930798,581.0,580.0,579.0,577.4652019980131,653.9389718762473,576.5254942178201,575.0,644.8779437524945,636.1098088475551,627.6345671614291,619.1593254753033,612.0982973515504,605.7443760089842,600.0975614476044,898.0,974.8421463325888,985.3676405504087,995.6002415494154,1006.1778172272998,1017.3351918394626,1028.8470346930799,1039.5268354381706,1049.441569363214,1060.184730413004,1071.534798001987,905.0610281237527,1081.4745057821801,1092.0,912.1220562475056,919.890191152445,928.3654328385709,936.8406745246969,945.9017026484496,955.2556239910159,964.9024385523956,239.71603473818118
3,11,dauerProtocol3,20220427,nan,0,m2X,p001,0,D03,D03,nan,20220427-dauerProtocol3-p001-m2X_D03_w1.TIF,20220427-dauerProtocol3-p001-m2X_D03_w2.TIF,wellmask_98.png,/Users/timcrombie/Desktop/CP_test3/raw_images,/Users/timcrombie/Desktop/CP_test3/raw_images,/Users/timcrombie/Desktop/CP_test3/well_mask,368.5900559762924,1089.0780375370432,11,0.16576808867318768,-0.00713361128399953,0.05677305656387635,-0.084073291042433,0.08689973186017791,0.06848874778760602,-0.059420827216407845,0.0743812977520964,-1.4988010832439613e-15,1.4988010832439613e-15,-1.4988010832439613e-15,-0.10943047759603197,-0.026764289392984142,-0.02957332168417265,1.0824674490095276e-15,0.0,-0.08407329104243369,0.02141545871403977,0.0130183870485171,248.0,357.25796897832186,369.67157287525396,382.12045814642465,394.2911688245433,406.87609306503504,419.03309524416886,430.86091270347407,442.9740115370179,454.7305086527634,466.48700576850894,260.17071067811867,478.24350288425444,490.0,271.75563491861044,283.65502525316947,295.68284271247467,307.8535533905934,320.02426406871206,332.1949747468307,344.7798989873225,1058.0,1086.257968978322,1088.671572875254,1091.0,1094.0,1096.0,1099.033095244169,1102.8609127034742,1106.0,1110.0,1114.0,1061.0,1118.0,1122.0,1066.0,1069.6550252531695,1073.0,1076.0,1079.0,1082.0,1084.0,268.26702730475915
3,12,dauerProtocol3,20220427,nan,0,m2X,p001,0,D03,D03,nan,20220427-dauerProtocol3-p001-m2X_D03_w1.TIF,20220427-dauerProtocol3-p001-m2X_D03_w2.TIF,wellmask_98.png,/Users/timcrombie/Desktop/CP_test3/raw_images,/Users/timcrombie/Desktop/CP_test3/raw_images,/Users/timcrombie/Desktop/CP_test3/well_mask,1377.1389718076284,1128.3980099502487,12,0.07629730001289438,-0.057037848765868704,0.040993866270287505,0.05673411533293429,-0.11141322705693073,0.13085678918950094,-0.07608995720916707,0.018920213589499593,-0.022811290468842657,0.08018837689223744,-0.07165666546838415,-0.08600645139475412,0.08600645139475412,-0.0033624048818278185,0.0798458782397949,-0.08112410790247732,-0.0055935231036187,0.16041684538309525,0.011034461145647947,1250.0,1364.998528137424,1376.257359312881,1389.4152543263817,1402.3556349186106,1415.0044155877285,1428.236396103068,1440.0073593128807,1453.7514718625762,1465.8859650045003,1478.7544155877283,1263.3298989873224,1492.0843145750507,1505.0,1277.074011537018,1289.5754833995938,1303.3195959492894,1317.0450487116514,1328.7367532368148,1341.652438661764,1352.9372583002032,1133.0,1125.0,1126.0,1126.4152543263817,1127.3556349186106,1129.0,1129.236396103068,1131.0,1132.0,1133.1140349954997,1134.0,1131.0,1136.0,1137.0,1130.0,1128.0,1127.0,1125.9549512883486,1126.0,1125.0,1124.0627416997968,283.1665222413708
3,13,dauerProtocol3,20220427,nan,0,m2X,p001,0,D03,D03,nan,20220427-dauerProtocol3-p001-m2X_D03_w1.TIF,20220427-dauerProtocol3-p001-m2X_D03_w2.TIF,wellmask_98.png,/Users/timcrombie/Desktop/CP_test3/raw_images,/Users/timcrombie/Desktop/CP_test3/raw_images,/Users/timcrombie/Desktop/CP_test3/well_mask,625.781512605042,1239.9778151260505,13,0.15658945523040746,7.549516567451064e-15,-0.05999574998223578,0.05999574998223578,-0.11685586025327255,0.055673511872799786,-0.0009817327692798195,0.002168331167524018,0.0,-7.216449660063518e-15,-0.05530897611200225,-0.026062140526921573,-0.01678110245716491,-2.9976021664879227e-15,7.216449660063518e-15,-1.1435297153639112e-14,0.05999574998222823,0.0,0.0,550.0,618.6606601717801,625.7071067811869,632.7535533905935,640.5071067811868,647.5535533905935,656.0,663.7677669529666,671.6928932188137,679.4464466094068,687.2,558.7535533905933,694.9535533905934,703.0,566.0,573.5535533905934,581.3071067811866,589.06066017178,596.8142135623733,604.5677669529666,611.6142135623734,1143.0,1230.6606601717801,1240.707106781187,1250.7535533905937,1260.5071067811868,1270.5535533905936,1280.020101012678,1289.7677669529667,1299.6928932188137,1309.4464466094068,1319.2,1151.7535533905934,1328.9535533905932,1338.0,1161.7171572875254,1171.5535533905934,1181.3071067811866,1191.06066017178,1200.8142135623734,1210.5677669529666,1220.6142135623734,259.30360723121873
3,14,dauerProtocol3,20220427,nan,0,m2X,p001,0,D03,D03,nan,20220427-dauerProtocol3-p001-m2X_D03_w1.TIF,20220427-dauerProtocol3-p001-m2X_D03_w2.TIF,wellmask_98.png,/Users/timcrombie/Desktop/CP_test3/raw_images,/Users/timcrombie/Desktop/CP_test3/raw_images,/Users/timcrombie/Desktop/CP_test3/well_mask,1266.3589824120604,1215.2283291457286,14,0.008590964078162067,0.046896070888423846,-0.04245145078167978,-0.011845355337131824,-0.004802867431629387,0.021507497195897063,0.05695287820848627,0.002672150257167605,-0.017337488190418693,0.06326071642632636,0.0723301439649493,-0.07022603622190804,0.07022603622191026,0.007081859878055763,0.060043052010857245,0.06765774718433937,-0.008024226788460709,-0.07248549654911152,0.039117217687860695,1401.0,1277.6519982889954,1263.7591445949386,1248.7677972421895,1236.4779651702097,1223.2414428286368,1210.4211721819124,1196.4755049266776,1184.7034486791722,1171.2461199968889,1157.9375107772128,1387.6655068967434,1144.1629202280028,1130.0,1373.5025866687406,1359.4627720663557,1345.2998518383527,1331.0968252702373,1317.0686720949004,1304.5910510294543,1291.1814138493814,1203.0,1216.3480017110046,1217.0,1217.0,1217.5220348297903,1218.2414428286365,1219.0,1219.5244950733224,1219.2965513208278,1219.0,1218.937510777213,1205.0,1218.0,1216.0,1207.0,1210.0,1212.0,1213.9031747297627,1214.9313279050994,1215.0,1215.1814138493817,299.8269470549793
3,15,dauerProtocol3,20220427,nan,0,m2X,p001,0,D03,D03,nan,20220427-dauerProtocol3-p001-m2X_D03_w1.TIF,20220427-dauerProtocol3-p001-m2X_D03_w2.TIF,wellmask_98.png,/Users/timcrombie/Desktop/CP_test3/raw_images,/Users/timcrombie/Desktop/CP_test3/raw_images,/Users/timcrombie/Desktop/CP_test3/well_mask,927.0043341213554,1239.7352245862885,15,0.0,0.0,0.010376999417245736,0.0830103771334536,0.010473262094031044,-0.007405790554321168,0.050538207578721794,0.025197758853793384,-0.05045377713585131,0.06821886099009128,-0.08609525973243398,-1.9984014443252818e-15,-0.04062898995276315,-0.006400534110237194,-0.050617327244331795,0.0,0.00958324141356881,0.17943006693306385,0.010355167458333703,825.0,919.1421356237312,929.1421356237312,939.1421356237312,949.1005050633885,958.7279220613581,968.313708498985,977.9289321881347,987.3431457505077,996.6568542494924,1006.1715728752538,835.4142135623731,1015.4142135623731,1025.0,845.8284271247462,856.2426406871194,866.4644660940673,876.6568542494924,887.4852813742386,898.3137084989849,909.1005050633885,1218.0,1233.0,1236.0,1239.0,1242.1005050633885,1246.0,1250.0,1253.9289321881345,1258.3431457505078,1263.0,1267.1715728752538,1220.0,1272.0,1276.0,1222.0,1224.0,1225.5355339059327,1227.0,1228.0,1229.0,1230.1005050633885,224.85281374238605
3,16,dauerProtocol3,20220427,nan,0,m2X,p001,0,D03,D03,nan,20220427-dauerProtocol3-p001-m2X_D03_w1.TIF,20220427-dauerProtocol3-p001-m2X_D03_w2.TIF,wellmask_98.png,/Users/timcrombie/Desktop/CP_test3/raw_images,/Users/timcrombie/Desktop/CP_test3/raw_images,/Users/timcrombie/Desktop/CP_test3/well_mask,450.57437008940667,1329.3489569222434,16,-0.08809215783298141,2.3314683517128287e-15,2.220446049250313e-15,0.0887999512130746,0.10667301563165843,-0.25274570402606966,-0.11778051550633073,0.0334027561850595,-0.07625268352982162,0.05746278921079351,0.019644904725363177,0.09568931400502334,0.0005814833767714411,0.11427640462926014,-2.3314683517128287e-15,4.551914400963142e-15,-1.554312234475219e-14,1.554312234475219e-14,-4.551914400963142e-15,328.0,440.81647079399465,453.15091785900006,465.4853649240054,477.8198119890107,488.78568395455665,498.07408747991167,510.3279214013936,523.2683430697718,536.0168538535138,549.3174831884054,340.63735944487365,562.2564255956631,575.0,353.78004202748724,366.5491677462762,379.1442354689679,391.47868253397326,403.81312959897866,416.14757666398395,428.48202372898936,1239.0,1320.6895060510756,1330.80375264438,1340.9179992376844,1351.0322458309888,1361.7856839545566,1373.074087479912,1382.0,1389.268343069772,1397.0,1403.7381123913042,1247.0,1411.2564255956631,1419.0,1253.7800420274873,1262.0,1270.1182730845537,1280.2325196778581,1290.3467662711626,1300.461012864467,1310.5752594577712,319.02135887716804
3,17,dauerProtocol3,20220427,nan,0,m2X,p001,0,D03,D03,nan,20220427-dauerProtocol3-p001-m2X_D03_w1.TIF,20220427-dauerProtocol3-p001-m2X_D03_w2.TIF,wellmask_98.png,/Users/timcrombie/Desktop/CP_test3/raw_images,/Users/timcrombie/Desktop/CP_test3/raw_images,/Users/timcrombie/Desktop/CP_test3/well_mask,1661.3281027104138,1351.9033523537803,17,-0.09172950205561561,-0.02050070919008981,0.04111140808518557,0.16795269139275548,-0.038431082345500744,0.058615157202929535,-2.631228568361621e-14,0.0660825590362768,-0.08090421202783254,-0.0053624218658553935,0.30478591532951194,0.0917295020556105,-0.003967882806597101,-0.08391538417955485,0.06273411925984568,-0.031552285940923935,0.04603607719863853,0.010665356468601894,-1.021405182655144e-14,1551.0,1652.4249783362056,1663.5563491861044,1674.7791847198287,1685.8190908859015,1696.1220346110536,1706.593398282202,1716.8076118445751,1727.021825406948,1736.9431457505077,1747.2225396744416,1562.1313708498985,1757.525483399594,1766.0,1573.67695526217,1584.8083261120687,1595.9573593128807,1607.4852813742386,1618.7289321881346,1630.1147186257615,1641.2936074863073,1322.0,1346.0,1349.0,1351.7791847198291,1355.0,1360.0,1364.5933982822019,1369.8076118445751,1375.021825406948,1380.9431457505075,1386.0,1325.0,1391.0,1399.0,1327.0,1330.0,1332.957359312881,1335.0,1337.7289321881346,1340.1147186257615,1343.0,247.48023074035567
3,18,dauerProtocol3,20220427,nan,0,m2X,p001,0,D03,D03,nan,20220427-dauerProtocol3-p001-m2X_D03_w1.TIF,20220427-dauerProtocol3-p001-m2X_D03_w2.TIF,wellmask_98.png,/Users/timcrombie/Desktop/CP_test3/raw_images,/Users/timcrombie/Desktop/CP_test3/raw_images,/Users/timcrombie/Desktop/CP_test3/well_mask,1292.022860875245,1632.0447419986936,18,-0.03331079179920171,0.05890997273660825,-0.05890997273660825,0.11901611549564173,-0.08250342237162023,0.044965488747822246,-0.0060246730377138125,-0.03299502890367523,0.016451492806143997,3.774758283725532e-15,-0.28000401064451963,-0.018545853450128824,0.01009952039226869,-0.08785443867593346,0.04376003437683362,-0.17222771424706163,0.08597276629791062,-0.11778700051374802,-0.08957640444442605,1243.0,1282.36913421349,1289.8076118445751,1296.5389826944736,1303.9774603255587,1310.0017243942705,1317.0,1323.4644660940673,1330.0,1336.9272077938642,1343.6585786437627,1246.0,1350.3899494936613,1360.0,1249.3916738879316,1253.0,1256.4904545570496,1261.0,1265.003448788541,1271.0,1276.0,1518.0,1623.3691342134903,1633.8076118445751,1644.5389826944736,1654.9774603255585,1666.0017243942705,1676.6225396744417,1687.4644660940673,1698.27695526217,1708.9272077938645,1719.6585786437627,1530.27695526217,1730.3899494936613,1739.0,1542.3916738879316,1554.4166522241371,1566.4904545570496,1578.142135623731,1590.0034487885407,1601.0391918985788,1612.4877200360029,270.39191898578736
3,19,dauerProtocol3,20220427,nan,0,m2X,p001,0,D03,D03,nan,20220427-dauerProtocol3-p001-m2X_D03_w1.TIF,20220427-dauerProtocol3-p001-m2X_D03_w2.TIF,wellmask_98.png,/Users/timcrombie/Desktop/CP_test3/raw_images,/Users/timcrombie/Desktop/CP_test3/raw_images,/Users/timcrombie/Desktop/CP_test3/well_mask,502.48017275225754,1709.2917157440127,19,-0.20393691441926043,-0.1815343585000453,0.052058259745156654,-0.004270487508355458,-0.07477255409851402,0.060105047547831525,0.026725472164824016,0.044005299929220865,-0.05801244515103576,0.13697520614004555,0.06228497836670277,0.10304553354601476,0.0,-0.10304553354601476,0.16753697093721653,-0.1298581551299023,0.16625809861194618,-0.08451689724247258,0.11310161512411376,603.0,512.1603320483036,502.07219351251496,492.1128314291971,482.0269140688854,471.9582783725201,462.19041884323553,451.9238216990004,441.80635025325614,431.5094229839908,421.4486702358928,592.4998690773152,412.3770252970672,402.0,582.8281652793765,572.7422479190648,562.656330558753,552.9846267608143,542.6354835114114,532.8127920401907,522.312661117506,1680.0,1706.8396679516964,1708.4639032437426,1712.0,1715.0,1718.04172162748,1721.8095811567646,1725.0761783009996,1728.0,1730.490577016009,1733.5513297641073,1682.0,1735.0,1736.0,1686.0,1689.0,1692.0,1696.0,1698.3645164885884,1702.0,1704.0,226.57116094862084
