ImageNumber,ObjectNumber,Metadata_Assay,Metadata_Date,Metadata_FileLocation,Metadata_Frame,Metadata_Magnification,Metadata_Plate,Metadata_Series,Metadata_Well,Metadata_wavelength,AreaShape_Area,AreaShape_BoundingBoxArea,AreaShape_BoundingBoxMaximum_X,AreaShape_BoundingBoxMaximum_Y,AreaShape_BoundingBoxMinimum_X,AreaShape_BoundingBoxMinimum_Y,AreaShape_Center_X,AreaShape_Center_Y,AreaShape_Compactness,AreaShape_ConvexArea,AreaShape_Eccentricity,AreaShape_EquivalentDiameter,AreaShape_EulerNumber,AreaShape_Extent,AreaShape_FormFactor,AreaShape_MajorAxisLength,AreaShape_MaxFeretDiameter,AreaShape_MaximumRadius,AreaShape_MeanRadius,AreaShape_MedianRadius,AreaShape_MinFeretDiameter,AreaShape_MinorAxisLength,AreaShape_Orientation,AreaShape_Perimeter,AreaShape_Solidity,Intensity_IntegratedIntensityEdge_MaskedRFP,Intensity_IntegratedIntensityEdge_MaskedRaw,Intensity_IntegratedIntensity_MaskedRFP,Intensity_IntegratedIntensity_MaskedRaw,Intensity_LowerQuartileIntensity_MaskedRFP,Intensity_LowerQuartileIntensity_MaskedRaw,Intensity_MADIntensity_MaskedRFP,Intensity_MADIntensity_MaskedRaw,Intensity_MassDisplacement_MaskedRFP,Intensity_MassDisplacement_MaskedRaw,Intensity_MaxIntensityEdge_MaskedRFP,Intensity_MaxIntensityEdge_MaskedRaw,Intensity_MaxIntensity_MaskedRFP,Intensity_MaxIntensity_MaskedRaw,Intensity_MeanIntensityEdge_MaskedRFP,Intensity_MeanIntensityEdge_MaskedRaw,Intensity_MeanIntensity_MaskedRFP,Intensity_MeanIntensity_MaskedRaw,Intensity_MedianIntensity_MaskedRFP,Intensity_MedianIntensity_MaskedRaw,Intensity_MinIntensityEdge_MaskedRFP,Intensity_MinIntensityEdge_MaskedRaw,Intensity_MinIntensity_MaskedRFP,Intensity_MinIntensity_MaskedRaw,Intensity_StdIntensityEdge_MaskedRFP,Intensity_StdIntensityEdge_MaskedRaw,Intensity_StdIntensity_MaskedRFP,Intensity_StdIntensity_MaskedRaw,Intensity_UpperQuartileIntensity_MaskedRFP,Intensity_UpperQuartileIntensity_MaskedRaw,Location_CenterMassIntensity_X_MaskedRFP,Location_CenterMassIntensity_X_MaskedRaw,Location_CenterMassIntensity_Y_MaskedRFP,Location_CenterMassIntensity_Y_MaskedRaw,Location_CenterMassIntensity_Z_MaskedRFP,Location_CenterMassIntensity_Z_MaskedRaw,Location_Center_X,Location_Center_Y,Location_MaxIntensity_X_MaskedRFP,Location_MaxIntensity_X_MaskedRaw,Location_MaxIntensity_Y_MaskedRFP,Location_MaxIntensity_Y_MaskedRaw,Location_MaxIntensity_Z_MaskedRFP,Location_MaxIntensity_Z_MaskedRaw,Number_Object_Number,Parent_WormObjects,Worm_Angle_1,Worm_Angle_10,Worm_Angle_11,Worm_Angle_12,Worm_Angle_13,Worm_Angle_14,Worm_Angle_15,Worm_Angle_16,Worm_Angle_17,Worm_Angle_18,Worm_Angle_19,Worm_Angle_2,Worm_Angle_3,Worm_Angle_4,Worm_Angle_5,Worm_Angle_6,Worm_Angle_7,Worm_Angle_8,Worm_Angle_9,Worm_ControlPointX_1,Worm_ControlPointX_10,Worm_ControlPointX_11,Worm_ControlPointX_12,Worm_ControlPointX_13,Worm_ControlPointX_14,Worm_ControlPointX_15,Worm_ControlPointX_16,Worm_ControlPointX_17,Worm_ControlPointX_18,Worm_ControlPointX_19,Worm_ControlPointX_2,Worm_ControlPointX_20,Worm_ControlPointX_21,Worm_ControlPointX_3,Worm_ControlPointX_4,Worm_ControlPointX_5,Worm_ControlPointX_6,Worm_ControlPointX_7,Worm_ControlPointX_8,Worm_ControlPointX_9,Worm_ControlPointY_1,Worm_ControlPointY_10,Worm_ControlPointY_11,Worm_ControlPointY_12,Worm_ControlPointY_13,Worm_ControlPointY_14,Worm_ControlPointY_15,Worm_ControlPointY_16,Worm_ControlPointY_17,Worm_ControlPointY_18,Worm_ControlPointY_19,Worm_ControlPointY_2,Worm_ControlPointY_20,Worm_ControlPointY_21,Worm_ControlPointY_3,Worm_ControlPointY_4,Worm_ControlPointY_5,Worm_ControlPointY_6,Worm_ControlPointY_7,Worm_ControlPointY_8,Worm_ControlPointY_9,Worm_Length,Worm_MeanIntensity_StraightenedImage_T1of1_L1of3,Worm_MeanIntensity_StraightenedImage_T1of1_L2of3,Worm_MeanIntensity_StraightenedImage_T1of1_L3of3,Worm_StdIntensity_StraightenedImage_T1of1_L1of3,Worm_StdIntensity_StraightenedImage_T1of1_L2of3,Worm_StdIntensity_StraightenedImage_T1of1_L3of3
1,1,dauerProtocol1,20220407,nan,0,m2X,p002,0,A01,nan,2977,22500,1263,328,1038,228,1151.36748404434,272.00100772589855,7.54230880717768,4006,0.996630352491095,61.5665016439669,1,0.1323111111111111,0.13258539600610683,251.30005589992973,244.49948875202173,7.280109889280518,3.532459613590494,3.1622776601683795,21.644116306761912,20.612641786194704,64.73485737469312,531.1858582251266,0.7431352970544184,11.367284689098597,438.16243237257004,72.462989538908,2912.8015261292458,0.02366674318909645,0.9753566980361938,0.0006713960319757462,0.00308990478515625,0.09483924077348213,0.014390217350205205,0.029755093157291412,0.9813839793205261,0.029755093157291412,0.9865720868110657,0.025260632642441327,0.9736942941612667,0.024340943748373534,0.9784351784108988,0.024322880432009697,0.9788586497306824,0.023025864735245705,0.9674525260925293,0.02078278735280037,0.9674525260925293,0.0008804611968109907,0.0023701115338966537,0.0010548040582280527,0.0038146802457371225,0.025009537115693092,0.9816586375236511,1151.295413285615,1151.38078323744,271.9393612553808,272.0065040718006,0.0,0.0,1151.36748404434,272.00100772589855,1213.0,1118.0,297.0,254.0,0.0,0.0,1,1,-0.006711468977219914,0.1407211349060325,-0.02811569663339475,-0.02753988956182174,0.08357029090028478,-0.0725119406325544,-0.016155989605813992,0.006379905982158984,-0.09573486858412417,0.09617802325943414,-0.24464412822116094,-0.028072744413805528,-0.18283830460751238,0.18283830460751238,0.0,0.06297443636885236,0.011596344386651414,0.049549969116243486,0.0,1039.0,1142.8489968980875,1153.8815133105302,1164.5008146106086,1175.0425654368223,1185.678499468112,1195.9169777130446,1206.5008916058778,1217.3420703052293,1227.9719795893948,1239.349180737488,1050.4467299748158,1249.977007424262,1261.0,1061.9246648079163,1073.5334438212813,1086.0209024910866,1097.6296815044516,1109.2384605178165,1120.5543463123681,1131.816480485645,229.0,263.0,268.0,274.75040730530435,281.0425654368224,287.0,293.9169777130445,300.0,306.0,311.9719795893948,317.0,233.0,322.977007424262,326.0,236.9246648079164,240.53344382128134,242.02090249108662,245.62968150445155,249.2384605178165,253.55434631236795,258.0,262.07168448616153,0.02421698203492075,0.023981570080442976,0.024867317498980187,0.001146183524128521,0.0007126735431376088,0.0009186473771740044
1,2,dauerProtocol1,20220407,nan,0,m2X,p002,0,A01,nan,3016,14514,931,513,872,267,896.7901193633952,390.2012599469496,7.742576290202593,3871,0.9974540288981906,61.968463486851526,1,0.2077993661292545,0.1291559763208783,258.0887332820029,251.31852299422738,7.615773105863909,3.5257455677442757,3.1622776601683795,19.763941621671492,18.404930314720673,12.685975469323093,541.7056274847714,0.7791268406096615,12.116472160443664,476.61963778734207,72.86854389123619,2943.0029749274254,0.0235751885920763,0.9721675515174866,0.0005493257194757462,0.003906309604644775,0.5805922615821746,0.11559163175829403,0.027481498196721077,0.9829099178314209,0.03013656847178936,0.9872739911079407,0.024626975935861106,0.9687391011937847,0.024160657788871415,0.9757967423499421,0.024109255522489548,0.9764095544815063,0.02249179780483246,0.9604791402816772,0.021576257422566414,0.9604791402816772,0.0007410912130695163,0.0043393826751230765,0.0008652103350532585,0.0055871807920138865,0.024689096957445145,0.9800412058830261,896.6766934518581,896.7615376697098,389.6318550498851,390.0892576607291,0.0,0.0,896.7901193633952,390.2012599469496,926.0,880.0,492.0,330.0,0.0,0.0,2,2,-0.24791418765173368,0.0065173339699466926,-0.013047367170532675,-0.050890695879983516,-0.005392766545966321,-0.06226097744183434,0.06226097744183434,-0.06226097744183434,0.12386688868740281,-0.001208016079496721,0.0024156004604640735,0.16969497082726748,0.06291854438749778,-0.05062571954209871,0.06592639197906713,-0.08180817939183216,0.0,0.0,-0.08510824649721549,874.0,891.0,894.0,896.9245058915486,900.0,903.6595563705453,907.3806350006369,911.808820411915,915.5298990420066,919.9580844532848,922.9720563021899,875.0,926.0,929.0,879.0,881.0,882.1906639798918,884.0,885.0,887.0,889.0,268.0,380.8537168515228,392.8734760297358,404.9245058915486,416.9129943861617,428.65955637054526,440.38063500063686,451.808820411915,463.5298990420066,474.95808445328475,486.97205630218986,280.8481863029592,498.980240821787,511.0,292.6963726059184,305.4214532832599,318.19066397989184,330.7036123268052,343.55179862976445,355.98577137035056,368.4197441109367,265.24799730664586,0.02436754727180546,0.023903702630456318,0.02425512335278255,0.0008076235561924229,0.0007937224114414274,0.0007383337037403567
1,3,dauerProtocol1,20220407,nan,0,m2X,p002,0,A01,nan,2969,26964,662,536,448,410,558.2091613337824,463.77534523408553,7.855743056442861,4407,0.9958915535757208,61.483723116925006,1,0.11010977599762646,0.12729540577066778,253.59187523412274,246.46500765828807,7.211102550927978,3.4638225791563797,3.1622776601683795,24.6678112185927,22.963739907685977,58.815822876641526,541.38181771802,0.6737009303380985,10.949080707505345,423.98695373535156,72.29953498207033,2901.408225476742,0.02371251955628395,0.9732242226600647,0.0005645845085382462,0.004165709018707275,0.6935617254458497,0.07138540779506233,0.0319523923099041,0.9857633113861084,0.0319523923099041,0.9874265789985657,0.02505510459383374,0.970221862094626,0.024351476922219714,0.9772341614943556,0.024246586486697197,0.9777370691299438,0.022919051349163055,0.963073194026947,0.021545739844441414,0.963073194026947,0.0010283730498101683,0.003647151994926032,0.0009405488452561124,0.005286399269501614,0.024856947362422943,0.9816433787345886,557.5993341459908,558.15048130149,463.44498381376883,463.73469390869224,0.0,0.0,558.2091613337824,463.77534523408553,657.0,507.0,530.0,434.0,0.0,0.0,3,3,-0.06457862411869142,-0.056995542386124476,0.11856613269226779,-0.006257282874409409,-0.06308401153738497,0.026002902347885715,0.04333839206390866,-7.105427357601002e-15,-0.05951859703422724,-5.329070518200751e-15,0.05951859703423823,-0.058819493707626846,-0.1414937560658851,0.2367736733958608,-0.03587215922322057,0.144179809295495,-0.035349699845795945,0.08007459202963763,0.059094641936426995,449.0,549.9092579374064,560.0339606994107,570.4316629631013,580.2535256477286,590.1066152020621,600.2689045570703,610.304900139237,620.1267628238643,629.9486255084915,640.0633814119321,459.99071647975444,650.1781373153729,660.0,471.2797643385756,483.1568677337561,495.39022490062985,506.81419535432246,518.1005241330171,528.7186655096398,539.5016088151523,411.0,452.90925793740644,460.0,466.4316629631013,474.25352564772857,482.0,489.0,496.304900139237,504.1267628238643,511.94862550849143,519.0633814119321,416.0,526.1781373153729,534.0,420.27976433857566,424.0,426.0,430.81419535432246,435.100524133017,441.0,446.5016088151523,261.23568583239825,0.024398069781372173,0.02408655015145473,0.024642155520984373,0.0009566301870406069,0.0007543499142272597,0.0008740566882113813
1,4,dauerProtocol1,20220407,nan,0,m2X,p002,0,A01,nan,3443,17199,777,424,504,361,633.5672378739472,379.5791460935231,8.58065837930923,8330,0.9890452905645771,66.20999737594894,1,0.20018605732891448,0.11654117385809538,289.9299423603021,274.9254444390333,8.0,3.5348900658224864,3.1622776601683795,44.774591588814175,42.797247335045164,-83.4998587770606,609.3036072312182,0.4133253301320528,13.8687724750489,532.5093151330948,84.87144311331213,3363.669182777405,0.02395666390657425,0.973750650882721,0.0006408803164958954,0.0031738877296447754,0.4686793773872057,0.07892068333121074,0.030670633539557457,0.9837338924407959,0.04161135107278824,0.9870298504829407,0.025307978969067335,0.9717323268852095,0.024650433666370063,0.9769588099847241,0.024582283571362495,0.9775539636611938,0.021881436929106712,0.965728223323822,0.021545739844441414,0.965728223323822,0.0010833060613741458,0.0032938847184800528,0.0010643202106748004,0.004418063730465139,0.02523842267692089,0.9803692698478699,633.1056213146347,633.6436959187911,379.6602047818704,379.5595848656446,0.0,0.0,633.5672378739472,379.5791460935231,536.0,723.0,401.0,377.0,0.0,0.0,4,3,0.13358002300559058,-0.17552340187375925,-0.1263291674522291,-0.046301214771811594,2.220446049250313e-15,-0.1509703732422074,-0.12161187537037721,-0.035705904373492636,0.05197387224053651,0.0406370713610924,-0.12151339397887995,-0.13252195543545042,0.13561438004918225,-0.07109374272727331,-0.04764117307732363,0.11841388142663067,-0.2065153147551353,0.0,0.06631525689781892,775.0,646.2341511141212,631.1767765019583,616.3773231047743,602.3046679647518,588.4899340397084,574.6752001146648,561.6888933143674,549.3754833449095,537.2638455557158,524.8593145477087,760.7710525125833,512.2289474874167,501.0,746.2509970884112,732.0155914223857,717.7931021135778,703.149941063788,689.8228136785352,676.348900338447,661.7057392886571,383.0,369.0,368.0,369.6226768952257,373.0,377.0,381.0,387.0,394.6245166550905,402.7361544442842,410.14068545229134,382.0,417.0,425.0,379.0,377.9844085776144,375.0,373.0,371.8228136785352,369.0,369.0,309.4317634907196,0.025116549887432244,0.024344424898525483,0.024489130240207897,0.0009328184082543707,0.0008717909032923166,0.001040208133489246
1,5,dauerProtocol1,20220407,nan,0,m2X,p002,0,A01,nan,3031,30888,883,664,685,508,774.6268558231607,571.7383701748598,7.761138939650529,5721,0.9924406289208925,62.1223716554051,1,0.09812872312872313,0.1288470684233142,257.91976592410305,250.04999500099976,7.280109889280518,3.4930596209750426,3.605551275463989,32.80113797748052,31.653384475315725,-51.50458799950133,543.7016228714147,0.5298024820835519,10.417288521304727,415.9846042394638,72.19002096541226,2949.6976287961006,0.023193713277578354,0.9680781364440918,0.0005798432976007462,0.005157530307769775,0.1334874496912112,0.021367917623506892,0.029190508648753166,0.9824063777923584,0.029190508648753166,0.9864194989204407,0.02422625237512727,0.9674060563708461,0.02381722895592618,0.9731763869337184,0.0237735565751791,0.9727931618690491,0.02232394926249981,0.9612878561019897,0.02079804614186287,0.9606927633285522,0.0008378382981985052,0.004653919699652417,0.0009149243265345789,0.006095031450488481,0.02435721457004547,0.9785000085830688,774.727255243392,774.6086962132459,571.650399409021,571.7496314568166,0.0,0.0,774.6268558231607,571.7383701748598,763.0,796.0,563.0,552.0,0.0,0.0,5,6,0.06329387789930241,-0.11417363250179413,-0.05400793324983644,0.0,-0.110149922300669,2.6645352591003757e-15,0.036758017095097184,-0.07431728925143499,0.09117437418695484,-0.05361510203061837,0.0,-0.03672087556401982,7.105427357601002e-15,0.08751781646030166,-0.08751781646030521,0.01130181106981576,-0.21199442385333356,-0.058031643450954906,0.05803164345095713,881.0,780.7525756091261,770.4178930821024,760.6689969927056,751.6272076844954,742.5854183762851,734.543629068075,726.5018397598647,718.0,710.4182611434442,702.0835786164205,869.5807934203989,694.0417893082102,686.0,858.1054126761395,846.8036729825872,835.5019332890346,823.7859800331089,812.4842403395564,801.1290474443603,790.7943649173365,509.0,558.2474243908738,565.5821069178976,574.3310030072944,583.3727923155046,592.4145816237149,602.456370931925,612.4981602401353,622.3493904118944,632.5817388565558,641.9164213835795,514.4192065796011,651.9582106917898,662.0,519.0,524.0,529.0,533.0,538.0,542.8709525556396,550.2056350826635,267.45615010835945,0.024391081172437573,0.023580267198973888,0.023393140573689596,0.0007789643092648427,0.0006732210364731293,0.0008567516114077578
1,6,dauerProtocol1,20220407,nan,0,m2X,p002,0,A01,nan,2922,13328,1495,798,1439,560,1456.0414099931554,674.2470910335387,7.455541155195859,4793,0.9942769364027106,60.995130541020615,1,0.2192376950780312,0.13412842598328192,249.7166716618794,242.6375898330677,8.0,3.5279218550022473,3.1622776601683795,27.656907080941274,26.67807917942673,-11.00515811593349,523.2203461105328,0.6096390569580639,11.903425704687834,460.9731133580208,70.50605052150786,2849.8942688703537,0.023407340049743652,0.9711452126502991,0.0007019154727458954,0.004287779331207275,0.374741055851078,0.10320358446749561,0.030746929347515106,0.9802243113517761,0.030746929347515106,0.9866026043891907,0.025007196858587887,0.96843091041601,0.02412938073973575,0.9753231584087453,0.024139773100614548,0.9759212732315063,0.022842755541205406,0.9602044820785522,0.019989319145679474,0.9602044820785522,0.0009284493078288502,0.004112909722241813,0.0010671474145362884,0.005623139681354771,0.024811169132590294,0.9798581004142761,1456.2091483881723,1456.0550281425315,673.9119870350881,674.1447898807861,0.0,0.0,1456.0414099931554,674.2470910335387,1484.0,1470.0,594.0,618.0,0.0,0.0,6,7,-0.03280201191230958,0.0,-0.07778724188138142,0.07407005327040017,-0.2359230649902111,0.0772759559280567,0.0,0.08457705579175423,-0.08457705579175423,0.16969895208650754,-0.09064831934299877,-0.18096054383834503,0.20594719221163627,-0.045367340900983155,0.053182704440001505,-0.13054445354205169,-0.10931511634418012,-2.220446049250313e-15,-0.08669291564894333,1493.0,1452.0,1450.0,1448.0,1447.0,1445.0,1446.0,1446.0,1446.0,1445.0,1445.0,1487.3162951450745,1443.0,1442.0,1482.0,1478.6810832131753,1473.0,1467.911165235168,1462.2274603802425,1458.0,1455.0,561.0,661.6501042927118,673.8596496583272,686.0691950239425,697.8645268271846,710.3651801295553,723.2800469942991,736.3180194846606,747.6991377255297,759.4944695287718,771.7040148943871,571.6837048549255,783.3762410720116,796.0,582.5195957946189,594.275667147299,605.1587266507395,616.0888347648319,626.7725396197574,638.0594406862275,649.8547724894696,260.75944980722954,0.024140396867497627,0.023756415342885844,0.024628270668153464,0.001002398511124552,0.0008711595273062666,0.0010099868523366926
1,7,dauerProtocol1,20220407,nan,0,m2X,p002,0,A01,nan,2943,30360,548,855,383,671,455.5806999660211,768.9989806320082,7.494436981812094,4610,0.9946801723401403,61.21391982348119,1,0.09693675889328063,0.13343230484516103,252.28132785422366,245.0673376849718,7.211102550927978,3.486594803969041,3.605551275463989,27.063146106979833,25.98786039690363,42.703713443520186,526.4650788387052,0.6383947939262473,10.102891629561782,395.21257323026657,71.2452127803117,2870.391500353813,0.0235599298030138,0.9716182351112366,0.0005951020866632462,0.003906309604644775,0.37961985177256213,0.05715402437574565,0.027893492951989174,0.9784694910049438,0.032684825360774994,0.9863126277923584,0.024761989288141623,0.9686582677212416,0.024208363160146688,0.9753284065082614,0.0240939948707819,0.9757229089736938,0.022720683366060257,0.9602960348129272,0.021667812019586563,0.9602960348129272,0.0008150153348409356,0.004260342108570137,0.0009473448831181709,0.005315400188635236,0.024765392765402794,0.9794155955314636,455.3398901762199,455.53742548862164,768.7055153410524,768.9616456335731,0.0,0.0,455.5806999660211,768.9989806320082,460.0,426.0,788.0,735.0,0.0,0.0,7,11,-0.17083390889161798,-0.05595049345157255,-0.055950493451576544,-0.0650378540517863,-0.02597426255134283,-0.055294277393107105,0.08807727352543548,0.05551283610500546,-0.055512836105008234,0.058229120470804197,-6.661338147750939e-16,0.04256914768955,0.009753191657797533,5.773159728050814e-15,0.029658447210235694,-0.0024855080890731074,-0.08793909519009713,-0.11515620044265651,-0.004423587381309324,384.0,442.37247669190003,450.79962133916973,459.9338727676258,469.36101741489534,479.11462947766165,488.5471303556715,498.6927038883983,508.4127417544813,517.4256728393777,527.1457107054608,389.09745513747384,536.5728553527305,546.0,396.0,402.4162105260804,408.7220348297904,415.02785913350044,421.0,427.0,434.0,672.0,764.3724766919001,773.7996213391698,782.9338727676259,791.3610174148954,799.0,806.0,812.6927038883982,820.4127417544813,828.4256728393777,836.1457107054608,683.0974551374738,844.5728553527305,853.0,693.1561096927753,703.4162105260805,713.7220348297903,724.0278591335004,734.4718996424422,744.9044005204522,754.9226878360892,258.3556450449709,0.024702854883601504,0.023970734482283495,0.024007205035229066,0.0009297089257378055,0.0007190168572119554,0.0008510583457721982
1,8,dauerProtocol1,20220407,nan,0,m2X,p002,0,A01,nan,2973,19720,451,712,219,627,337.4735956945846,677.3343424150689,7.597269854329476,4571,0.9957907376939498,61.5251263021673,1,0.1507606490872211,0.131626231419189,250.85978176629652,244.13520843991347,7.280109889280518,3.5349478030741026,3.1622776601683795,26.01879443531885,22.992782791317538,-68.75373483577046,532.7594513539337,0.6504047254430103,11.541466429829597,451.2885779738426,72.81191764958203,2909.781702518463,0.0238345917314291,0.9752346277236938,0.0006256196647882462,0.0037003159523010254,0.14824531066955518,0.06687714091852295,0.02992294169962406,0.9804531931877136,0.034195467829704285,0.9871214032173157,0.024873850064287925,0.9726046939091436,0.024491058745234454,0.9787358568847842,0.024444952607154846,0.9794308543205261,0.022705424576997757,0.9663233160972595,0.021240558475255966,0.9662317633628845,0.0008715557104260264,0.002979923802092292,0.0009960486136286486,0.0048091966665931045,0.02508201776072383,0.9827878475189209,337.3321462598106,337.41554008013526,677.2899720472811,677.367540270547,0.0,0.0,337.4735956945846,677.3343424150689,434.0,276.0,635.0,704.0,0.0,0.0,8,11,0.0,0.1201420097597019,5.329070518200751e-15,0.016308747938746038,0.11071056087904241,0.0848512781698112,0.07019159083228832,-0.14951132044043813,0.059299033254322175,0.25144460030271176,-0.07240742414224144,0.0,-0.031062644247060955,3.5421675657065776e-05,0.0026143909245295305,-0.024774740954442986,-0.0020521864289810843,0.05113108318128523,-0.053769010948646834,449.0,349.0660800020743,338.1780577046515,326.7236033541085,315.2691490035656,303.7379386651244,291.681029596734,279.2099069659705,267.9814250223263,255.63340801718044,244.82453967420395,437.8384388682705,231.6426955060173,220.0,426.676877736541,415.51531660481146,404.50028578779614,393.4850875601658,382.45753546288074,371.1088303269896,360.20828674929703,628.0,677.0,682.8219422953485,687.2763966458915,691.7308509964344,696.0,699.0,701.0,702.0,705.0,706.956134918551,633.1615611317295,706.0,706.0,638.323122263459,643.4846833951885,649.0,654.5149124398342,660.0,666.0,671.791713250703,265.99099511019426,0.025066211980632094,0.024262965428039462,0.024095531306684587,0.000749631671754887,0.0009277600126743555,0.0008065956229461992
1,9,dauerProtocol1,20220407,nan,0,m2X,p002,0,A01,nan,3405,22865,1570,891,1301,806,1442.5812041116005,866.3518355359765,8.731789935371244,8191,0.9867384069095307,65.84360750918215,1,0.14891755958889133,0.11452405605283078,286.42907204940735,278.29660436304283,7.615773105863909,3.5143214121909736,3.1622776601683795,45.39467548221681,46.49275576051236,-74.64517182512486,611.2447327281723,0.41570015871078014,13.00921649299562,526.5487129092216,82.9185019414872,3328.141221821308,0.022812237963080406,0.9745326638221741,0.0008545052260160446,0.0034714341163635254,0.9201735961458483,0.13340110815691025,0.03323414921760559,0.9870451092720032,0.06198214739561081,0.9879606366157532,0.02409114165369559,0.9750902090911512,0.02435198294904176,0.9774276716068453,0.02363622561097145,0.9788586497306824,0.02203402854502201,0.9599450826644897,0.02081330679357052,0.9597162008285522,0.0009430255006011722,0.005426889945775268,0.0035267231833471424,0.006054842919904306,0.024551765993237495,0.9820095896720886,1443.2752924958384,1442.7145989897265,865.7477157118439,866.3505462930773,0.0,0.0,1442.5812041116005,866.3518355359765,1535.0,1496.0,831.0,856.0,0.0,0.0,9,14,-0.20193221649577575,0.07399675232526759,0.13339895304702143,0.07451034128306233,0.0075223637246519814,0.059855017341446715,0.01449644159272978,-0.08211891645018721,0.046096275199669634,-0.09242664746761875,0.1095760519605875,-0.0496039784553024,-5.773159728050814e-15,0.04960397845532993,0.10282399704111134,1.5987211554602254e-14,0.08613334088633184,0.09527817320727694,0.07523590227233878,1568.0,1456.9626395133312,1443.1387172790842,1428.9005814824636,1413.8826333990005,1400.885818837621,1386.1861740926026,1371.9632575267271,1359.3667567488544,1344.714407389861,1330.336774873267,1554.7973410424831,1317.0470670930738,1302.0,1542.9720993563574,1531.439750889045,1519.9074024217325,1508.0821607356065,1495.6711326118539,1483.2601044881008,1470.3723481852053,807.0,876.0,880.0,883.0,884.1173666009993,884.114181162379,884.0,883.0367424732729,882.0,882.0,881.3367748732669,813.2026589575166,881.9529329069261,881.0,822.0279006436426,831.560249110955,841.0925975782676,849.9178392643934,857.3288673881463,864.7398955118991,871.0,309.615529674793,0.023894390904163777,0.02515132728819952,0.023880983292378907,0.0014035918157532786,0.00490499433905057,0.002625530069345781
1,10,dauerProtocol1,20220407,nan,0,m2X,p002,0,A01,nan,3089,21804,1284,1253,1192,1016,1245.254451278731,1129.8164454516025,7.846015892844321,4698,0.9957175273280322,62.713929502837864,1,0.1416712529811044,0.12745322131096043,259.85845068531137,251.87298386289865,7.615773105863909,3.5342099751798677,3.1622776601683795,25.509591304302965,24.02335619752326,22.30919358510432,551.8721497261419,0.6575138356747552,11.832929026335478,461.0974128842354,75.51989044435322,3016.519660592079,0.0238498505204916,0.9729610085487366,0.0005340650677680969,0.0037079453468322754,0.1619823334902239,0.058611928264460614,0.057846952229738235,0.9851987361907959,0.057846952229738235,0.9870451092720032,0.02496398528762759,0.972779352076446,0.024448005970978706,0.9765359859475815,0.024383917450904846,0.9770656824111938,0.02207980491220951,0.964354932308197,0.021728847175836563,0.963805615901947,0.002465833608433562,0.004247224792371947,0.0015040493338853388,0.004861936227651425,0.024917982518672943,0.9804379343986511,1245.2072968994428,1245.280122279482,1129.6614785490817,1129.869136606983,0.0,0.0,1245.254451278731,1129.8164454516025,1208.0,1239.0,1038.0,1109.0,0.0,0.0,10,18,-0.4615205312488495,0.08587683006555036,-0.05759810613708605,0.1147344053852224,0.010005877001706187,0.035329382144412724,-0.017615945163932833,0.03295633293943867,0.01740630627123152,-0.05036263921067019,0.15712667310761463,0.325775515367158,-0.18663008587941587,-0.08072366091814209,-0.003801203027874678,-0.04395043865811343,0.11570431436018691,1.709743457922741e-14,0.08564567204579365,1194.0,1246.0,1251.0,1255.0,1259.6711292652983,1263.0,1266.2104537301602,1269.0,1272.0,1274.60522686508,1277.0,1195.7181473156872,1280.0,1281.0,1203.2304502352376,1207.0,1212.8501377270504,1219.6553338654141,1226.6181270281681,1234.0,1240.0,1017.0,1116.461894399492,1128.0148272611093,1139.9819736851,1151.6711292652985,1163.9162665330812,1176.2104537301602,1188.6789865058086,1201.0603464921721,1213.60522686508,1226.2372800272726,1027.7181473156872,1238.6186400136362,1251.0,1038.2304502352376,1050.6493434418621,1061.8501377270504,1072.6553338654141,1083.6181270281681,1094.184455801003,1105.3231751002472,272.4800134696601,0.02434549954864128,0.024187454568535795,0.024768533946384542,0.0007234692965168031,0.0006945121913883611,0.00179768568432695
1,11,dauerProtocol1,20220407,nan,0,m2X,p002,0,A01,nan,2823,5040,1341,1188,1320,948,1329.981934112646,1066.3662770102728,7.1847029995132,3685,0.9974621504534958,59.95294183597135,1,0.5601190476190476,0.13918459817584042,249.43435339918815,239.0334704596827,8.0,3.5198030521290433,3.1622776601683795,18.984462390925863,17.759407882531466,-0.026273532825940346,504.8528137423857,0.766078697421981,11.841764006763697,465.564003944397,68.5541316922754,2747.9469898343086,0.0238193329423666,0.9704432487487793,0.0004425123333930969,0.0033722519874572754,0.044247932760727846,0.13273066233973607,0.027756160125136375,0.9813382029533386,0.027756160125136375,0.9851987361907959,0.024670341680757702,0.9699250082174937,0.024284141584227915,0.9734137406426882,0.024261845275759697,0.9740138649940491,0.022781720384955406,0.9589532613754272,0.02207980491220951,0.9589532613754272,0.0006565964620662701,0.0051127710444069515,0.000701365779376828,0.0050439091041871555,0.024734875187277794,0.9772793054580688,1330.0155634896123,1329.975477372552,1066.3375203665455,1066.4988505341473,0.0,0.0,1329.981934112646,1066.3662770102728,1329.0,1328.0,967.0,1141.0,0.0,0.0,11,19,-0.024344614796543373,-0.08176270790549389,0.009373919282920307,0.057879400193898034,-0.06725331947681834,0.0,0.08176270790549389,-0.08768802661936892,0.005925318713873473,0.01987289132849135,-0.1444555936301808,-0.1663343130553605,-0.0864583342054015,0.16804916505657697,-1.5543122344752192e-15,-0.08036113843720627,-0.08768802661936914,0.0,0.0,1339.0,1327.0,1327.0,1328.0,1328.8299583310877,1329.0,1330.0,1331.0,1331.0,1332.0,1333.0,1336.0,1333.749800357508,1336.0,1333.0557092507845,1332.0,1332.0,1330.0,1328.0,1327.0,1327.0,949.0,1054.5639934336846,1067.1814552941723,1079.3847035922872,1090.8299583310877,1102.5485595013974,1114.7518077995123,1126.9550560976272,1139.572517958115,1150.9473391314837,1163.1505874295983,959.5463940486225,1175.2501996424921,1186.0,970.9442907492156,983.1244635201058,995.2046061926029,1006.9936409283446,1018.7826756640864,1030.157496837455,1041.9465315731968,252.3492372097578,0.02418732107583746,0.02408753508821912,0.024634907719741066,0.0006426070101664149,0.0005408972030819627,0.0006609755816694454
1,12,dauerProtocol1,20220407,nan,0,m2X,p002,0,A01,nan,3065,9945,957,1024,702,985,827.9980424143556,1000.5298531810766,7.847169718094994,4791,0.9959555517704931,62.46982635331456,1,0.30819507290095527,0.1274344809561177,263.53227111990174,254.86663179004034,8.0,3.523502281999203,3.1622776601683795,25.882082575349152,23.677665340505932,-83.92449411458372,549.7645019878171,0.6397411813817575,12.689372144639492,492.50232565402985,74.30209846049547,2983.706933617592,0.023407340049743652,0.9676508903503418,0.0007019154727458954,0.005691617727279663,0.754141496327902,0.007835036370207188,0.02835126221179962,0.9774776697158813,0.05839627608656883,0.9856107234954834,0.0248811218522343,0.9656908346157448,0.024242120215496075,0.9734769767104704,0.024139773100614548,0.9740901589393616,0.023132678121328354,0.9588616490364075,0.021530479192733765,0.9588616490364075,0.0007383729145114351,0.004127580260059668,0.001992993464410946,0.006661070612954267,0.024795910343527794,0.9792439341545105,827.2619520832058,827.9969378362,1000.6938666587893,1000.5220963968189,0.0,0.0,827.9980424143556,1000.5298531810766,729.0,891.0,1017.0,994.0,0.0,0.0,12,21,-0.08214832291760521,1.3322676295501878e-15,-1.3322676295501878e-15,-0.08214832291760388,0.0,0.06611283511762434,-0.04964834427731457,-0.016464490840309765,0.07771227722263152,-0.07313610659215586,-0.004576170630475662,-0.07899824480738138,0.07899824480738138,-0.07199793960781076,0.08042732919309259,-0.19818390158001975,-0.058999077956233936,-0.021077247594935233,-0.03837611019410314,955.0,842.1440536908186,829.2686595939953,816.3932654971718,803.5178714003484,791.0566908658982,778.5955103314479,765.8020922915589,753.2589357001741,740.7977551657239,727.9451009853356,942.5388194655498,715.4611805344502,703.0,929.6634253687263,916.3738177095298,903.4984236127063,891.0263348331871,878.9902761061787,866.1711669194871,854.4279652248938,1002.0,994.0,996.0,998.0,1000.0,1003.0,1006.0,1008.1979077084411,1011.0,1014.0,1016.0548990146644,999.0,1019.0,1022.0,997.0,996.0,994.0,992.9736651668129,991.0,991.4572082701283,992.5720347751062,274.07642443139196,0.024380590638006554,0.0240299197871031,0.024334397597719663,0.0009498183670264772,0.0029055270608294914,0.0009561545306210376
1,13,dauerProtocol1,20220407,nan,0,m2X,p002,0,A01,nan,2991,26015,1602,1173,1387,1052,1499.3279839518555,1099.662320294216,7.645462948914852,5036,0.9939294567932123,61.71109688137841,1,0.11497213146261773,0.13079652686590204,251.85310304214687,244.86118516416602,7.280109889280518,3.5207189569469577,3.1622776601683795,28.848048696298637,27.708688989731083,61.48612603620515,536.0620125646253,0.5939237490071485,10.852307967841625,426.6907910704613,71.836072627455,2915.793453872204,0.023392081260681152,0.9699549674987793,0.0006103608757257462,0.004715025424957275,0.28956079039147214,0.021892409322844333,0.03002975508570671,0.9796444773674011,0.03038071282207966,0.9873960614204407,0.02460840809034382,0.9675528142187331,0.0240174097718004,0.9748557184460728,0.0239871833473444,0.9754177331924438,0.022583352401852608,0.9612878561019897,0.021423667669296265,0.9612878561019897,0.0008078637801023119,0.0038728498776819647,0.000913513538565913,0.00589943135849517,0.024597544223070145,0.9795834422111511,1499.524600664757,1499.3479056774459,1099.8748933864454,1099.6713978729383,0.0,0.0,1499.3279839518555,1099.662320294216,1513.0,1526.0,1096.0,1113.0,0.0,0.0,13,23,0.10803297417626845,0.06275267254228667,0.0,0.12274955791196568,0.05914968336656745,0.057202326642166956,-0.05337814889175141,0.10482926067760734,-0.10455399883733618,0.21804250227478883,-0.281291625232043,-0.011649472593570742,-0.11659470494505722,0.04532017357010773,0.008453577267700296,0.0628209541072492,-1.0769163338864018e-14,0.06303603901380966,1.554312234475219e-14,1388.0,1490.896661863422,1501.943650813896,1512.697746545557,1523.451842277218,1533.6201515712519,1543.4955676464724,1553.0780905028794,1562.9342483721878,1572.2431362156935,1582.0749790522239,1399.0469889504743,1589.8316907059661,1600.0,1410.6388070219668,1421.9786891912547,1433.864741501036,1445.5371331862707,1457.169908574372,1468.5097907436598,1479.8496729129474,1053.0,1088.8966618634217,1093.943650813896,1099.697746545557,1105.451842277218,1112.6201515712519,1120.4955676464724,1129.0780905028794,1137.0,1146.2431362156935,1154.1499581044475,1056.0469889504743,1163.8316907059661,1171.0,1060.6388070219668,1064.9786891912547,1068.0,1071.5371331862707,1075.169908574372,1079.5097907436598,1083.8496729129474,262.7504044581595,0.024172606984747987,0.02377970889834704,0.024143312028111766,0.0009191900919233553,0.0008388040854256705,0.0007833386388439108
1,14,dauerProtocol1,20220407,nan,0,m2X,p002,0,A01,nan,2592,12928,266,1292,202,1090,222.50694444444446,1186.2426697530864,6.59287597169536,5546,0.9845501902462865,57.44768837780631,1,0.2004950495049505,0.15167887342234496,214.9039207065112,205.75956842878534,7.615773105863909,3.5222215157124186,3.1622776601683795,38.34358113948981,37.63023671365559,-13.38778270453244,463.4041122946064,0.4673638658492607,10.232822207733989,393.81623566150665,65.58742683753371,2534.0445249676704,0.0240482185035944,0.9738917946815491,0.0007324330508708954,0.0037689805030822754,1.1696777955598299,0.055113056722033045,0.03286793455481529,0.9800106883049011,0.06668192893266678,0.9866483807563782,0.025266227673417255,0.9723857670654485,0.025303791218184303,0.9776406346325889,0.024734875187277794,0.9778743982315063,0.022705424576997757,0.9673151969909668,0.021484702825546265,0.9672694206237793,0.001189766784721613,0.002192520250638934,0.003174241043430048,0.004525935145526723,0.02552834339439869,0.9815060496330261,222.4220261095114,222.48270330609765,1187.4092609504721,1186.2921653714066,0.0,0.0,222.50694444444446,1186.2426697530864,216.0,212.0,1272.0,1199.0,0.0,0.0,14,24,0.05318824907332953,-0.06519753758443869,-0.052439757644486606,0.05251211805908129,-0.0914967756666758,-0.23238444384085422,0.06087702691104835,-0.18715782880246823,5.995204332975845e-15,0.021549022089142778,0.15228320196819145,-0.026505980018216135,0.07683916139612057,0.12501263843891097,-0.20185179983504176,1.509903313490213e-14,-0.07894930667755329,-0.05801591953921981,-0.15047689506622586,264.0,216.08029551786774,213.64484760249013,212.0,210.77395177173494,209.0,208.18146811159755,209.90980924578858,211.0,214.0,217.0,259.0,219.8574453034359,221.0,253.47224991975241,248.20837487962865,241.9854571561136,235.01447533480325,229.7506002946795,224.48672525455567,220.0,1091.0,1173.9197044821321,1184.3551523975098,1194.2896505601557,1205.226048228265,1215.9354968177968,1227.1814681115975,1237.9098092457887,1248.9024809222008,1259.1040837074615,1269.3056864927225,1100.3731756605148,1279.857445303436,1290.0,1109.5277500802476,1118.7916251203715,1128.0145428438864,1135.9855246651966,1145.2493997053207,1154.5132747454445,1164.0990557667458,228.88486944760547,0.025807428744892506,0.0255058731776304,0.024397930590836482,0.0033592362312829887,0.0037331131212360075,0.0011197465623201644
1,15,dauerProtocol1,20220407,nan,0,m2X,p002,0,A01,nan,2857,11564,1930,1207,1694,1158,1813.7150857542877,1189.081204060203,7.294914599165744,4196,0.9957320441551761,60.3128956302743,1,0.24705984088550675,0.13708179669633982,245.60831265193926,238.72368964977062,7.615773105863909,3.5307657883481776,3.1622776601683795,24.40888182892117,22.667526681468306,-79.90312360615557,511.76450198781714,0.6808865586272641,11.618829680606723,460.94221460819244,68.57225941494107,2800.6034482121468,0.023163195699453354,0.9775577783584595,0.0008316170424222946,0.0028687119483947754,1.55209587200707,0.16148593692732147,0.03332570567727089,0.9851377010345459,0.03332570567727089,0.9881437420845032,0.024616164577556617,0.9765724885766789,0.024001490869772865,0.9802602198852456,0.0239337757229805,0.9814297556877136,0.021194782108068466,0.965270459651947,0.020935378968715668,0.965270459651947,0.0012247954453120185,0.004776253283910795,0.001208040120051904,0.004566668958308354,0.024826427921652794,0.9837033748626709,1812.1964392511409,1813.8746132244044,1189.4016949249424,1189.0561302869835,0.0,0.0,1813.7150857542877,1189.081204060203,1788.0,1912.0,1204.0,1167.0,0.0,0.0,15,27,0.17023718328736193,0.08618308124102603,0.060938344878538775,0.043474814073654056,-0.026346708198974778,0.07637336316730314,0.006997629570418162,0.0346857567803216,-0.009390482790085475,-0.07004114621482316,0.028465361758388763,-0.0884037549669281,0.0,6.217248937900877e-15,0.06656774503836349,-0.04443580214685383,0.06627181207541222,-4.440892098500626e-15,0.0,1928.0,1823.4623425233863,1811.5956688565452,1799.314781627331,1786.7310737399391,1773.9245800441563,1762.919625648514,1751.4338733975937,1739.1529861683794,1728.3740263866302,1717.346981997358,1916.738877608623,1707.198617264526,1695.0,1904.8722039417817,1893.4197438373137,1881.9672837328458,1870.5148236283776,1858.7512044518419,1847.1956898570686,1835.3290161902273,1159.0,1192.0,1195.0,1197.0,1198.2689262600607,1199.0,1199.919625648514,1200.0,1200.0,1199.6259736133698,1199.346981997358,1164.0,1199.801382735474,1200.0,1167.0,1171.0,1175.0,1179.0,1182.2487955481583,1186.0,1189.0,262.1862870792079,0.023797108184279953,0.023668287292268542,0.024741387858029887,0.001042997979239318,0.0010293556929220132,0.001198507284839916
1,16,dauerProtocol1,20220407,nan,0,m2X,p002,0,A01,nan,3000,22338,886,1386,784,1167,854.5213333333334,1265.7563333333333,7.5175361060883,7744,0.979142793615802,61.80387232371034,1,0.13430029546065,0.13302230756033487,245.16018361823504,235.84740829612693,7.280109889280518,3.5308573705978628,3.1622776601683795,48.604828542672756,49.81000346032639,23.364142421403432,532.3574311003804,0.38739669421487605,11.171602988615632,437.19658172130585,73.13379143737257,2913.9186092615128,0.02389562875032425,0.9681849479675293,0.0004577711224555969,0.0030975937843322754,0.10523441328736254,0.02774764679580973,0.029190508648753166,0.9804379343986511,0.0318150594830513,0.9833981990814209,0.02471593581552131,0.9672490746046589,0.024377930479124187,0.971306203087171,0.024338139221072197,0.9712215065956116,0.022674906998872757,0.9600518941879272,0.02223239466547966,0.9600518941879272,0.0007530538155000125,0.003988813913914763,0.0007488460286760378,0.004207445369653229,0.024826427921652794,0.9744105935096741,854.4253144873816,854.5216875208129,1265.7132675352793,1265.7285879471594,0.0,0.0,854.5213333333334,1265.7563333333333,806.0,825.0,1185.0,1203.0,0.0,0.0,16,28,-0.05695861799101998,0.04827794005334951,0.06398538042235113,0.15239597914881187,0.10990519693860423,0.14672551410438528,2.6645352591003757e-15,-0.026053557523693316,0.05595149047514414,-0.024582826654855783,-0.08288679891012718,-1.2989609388114332e-14,-0.05439460050743372,-0.054492647721901655,0.054492647721901655,0.1653463258357981,0.05846933641182961,0.07093622015292622,0.10132256345036184,785.0,862.0,867.2738636073764,872.0,876.0,878.112101397124,879.0,878.0,877.0,876.3713943083803,875.0,793.2688077169751,874.0,874.0,801.8305086527633,810.8064231509247,820.4894444302729,830.6369318036882,840.3199530830364,848.2958675811977,855.5646752981727,1168.0,1251.1787229840295,1262.2738636073764,1273.595880271555,1285.2186724776907,1296.887898602876,1309.7068975770812,1322.5723304703365,1335.4377633635913,1347.6286056916197,1360.3402020253554,1177.268807716975,1372.3772077938643,1384.0,1185.8305086527635,1194.8064231509247,1203.489444430273,1211.6369318036882,1220.3199530830364,1230.2958675811979,1240.5646752981727,265.5929291125635,0.024654452510812427,0.024183559121574848,0.024341787522886595,0.0007105859645436081,0.0005854367521643441,0.0006879347019601786
1,17,dauerProtocol1,20220407,nan,0,m2X,p002,0,A01,nan,2950,12393,775,1469,724,1226,752.6525423728814,1348.0172881355932,7.574724452717775,3748,0.9976439507430607,61.28667601500941,1,0.23803760187202452,0.13201800359103555,252.64686259264965,246.52180430947686,7.615773105863909,3.527870029274073,3.1622776601683795,18.613861871659807,17.332656675928263,-11.586766890497714,529.906637611548,0.7870864461045891,11.937834801152349,470.7883269190788,71.30736279115081,2874.32791608572,0.02366674318909645,0.969428539276123,0.0004730299115180969,0.004745602607727051,0.032177082931839664,0.008052319016759341,0.0318150594830513,0.9802548289299011,0.0318150594830513,0.9876249432563782,0.024563446092906067,0.968700261150368,0.02417198738683078,0.9743484461307526,0.024139773100614548,0.9747005701065063,0.023117417469620705,0.9621576070785522,0.021652551367878914,0.9621576070785522,0.0008597139656088136,0.0039829608476943034,0.0008215478560190106,0.00562237843320347,0.024612803012132645,0.9789883494377136,752.6203880978859,752.6577864976808,1348.0160768282346,1348.02339869994,0.0,0.0,752.6525423728814,1348.0172881355932,744.0,767.0,1415.0,1267.0,0.0,0.0,17,30,0.0,0.04870095817851028,0.020962003415980757,-4.440892098500626e-15,0.08844308644298193,-0.07408915551756068,0.059518692186053546,-0.04032204954228402,-0.2310833489799251,0.23192441510995665,0.019282752330533226,0.005467615931259662,-0.0054676159312583295,0.08286631794719312,-0.08286631794719446,0.15403044599464577,-0.12611970205550915,0.05881268200696432,0.012702063297172828,771.0,757.9545094809233,755.7597764475607,753.0,750.0,747.0,743.0,739.8363638124422,736.0,732.6184706209708,732.0,770.0,728.6089465957357,725.0,769.0,768.0,767.0,765.0,764.0,761.1724026723947,760.0,1227.0,1337.0454905190766,1349.2402235524394,1361.2009079403115,1373.0620884747616,1384.923269009212,1396.3702359812892,1408.1636361875578,1419.6783834878165,1431.3815293790292,1443.6918524934727,1239.6896076591966,1455.3910534042643,1467.0,1252.379215318393,1264.2403958528434,1276.9300035120398,1289.2053976088632,1301.8950052680598,1313.8275973276054,1324.7889392122142,262.076424431392,0.024371438696749126,0.02393764468305355,0.024243503335900574,0.0007596130849876212,0.0007125604857250016,0.0007515558491595042
1,18,dauerProtocol1,20220407,nan,0,m2X,p002,0,A01,nan,2876,19669,1100,1334,879,1245,984.0556328233658,1299.289290681502,7.352538684091622,4700,0.9944823442032801,60.513113708173435,1,0.1462199400071178,0.13600744490656783,242.70788971215086,235.8495283014151,7.280109889280518,3.5215340476241686,3.1622776601683795,27.179202747747762,25.461049113659243,68.7113012957378,515.4873734152916,0.6119148936170212,10.958373427391052,427.9349046945572,69.76957389526069,2799.6899973750114,0.02366674318909645,0.9688715934753418,0.0005645845085382462,0.004318296909332275,0.04708352234564964,0.11031347032253037,0.027496756985783577,0.9796597361564636,0.02858014777302742,0.9857938289642334,0.024736734599076868,0.9659930128545309,0.024259239880132368,0.9734666193932585,0.024246586486697197,0.9746700525283813,0.022858014330267906,0.9572136998176575,0.021545739844441414,0.9572136998176575,0.0006941358524770683,0.005006716261683558,0.0008514196018609463,0.006202164833426869,0.024811169132590294,0.9783626794815063,984.0912942195649,984.1551994216919,1299.3200335326646,1299.3367833570676,0.0,0.0,984.0556328233658,1299.289290681502,1030.0,953.0,1313.0,1289.0,0.0,0.0,18,32,0.09593708724827182,-0.02191932454480372,-0.02057043737616948,-0.08523050620084266,-0.081987724400883,0.10865930387035908,-0.01181831627941729,-0.014853263190040322,-0.038808975135009416,0.00472035178111288,-0.1927870036005403,0.2540739523832626,-0.17580959982548183,-0.062394231361917685,-2.609024107869118e-14,-0.03267113455248405,-0.06209166029642954,-0.03324097778413798,-0.06459466450073686,880.0,972.0095561518083,983.1249998632895,994.3400385644262,1005.6487805050654,1017.3500106541735,1028.6582518765745,1040.235727501415,1051.8679146638708,1063.569144812979,1074.6845885244602,890.7490485000944,1086.5456300007772,1098.0,901.0593145477087,909.7102921651226,919.6541630013501,929.8909270563909,940.1276911114319,950.5154174393026,961.1870056591405,1246.0,1301.0095561518083,1305.1249998632895,1309.0,1312.6487805050654,1315.3500106541735,1317.0,1320.0,1322.8679146638708,1325.5691448129792,1327.6845885244602,1251.0,1330.0,1330.0,1257.0593145477087,1265.7102921651226,1272.65416300135,1278.890927056391,1285.127691111432,1291.0,1296.1870056591406,256.40232623919644,0.024782962322297722,0.023972855960729792,0.024085249548371063,0.0007783909127053742,0.0006251498664236113,0.0007483647934611328
1,19,dauerProtocol1,20220407,nan,0,m2X,p002,0,A01,nan,2865,7076,1863,1280,1619,1251,1742.485514834206,1260.6223385689354,7.424002517359049,3950,0.9970845542719836,60.3972788763388,1,0.40488976823063877,0.13469823018806457,252.14152804746354,243.90571949013415,8.0,3.5031164829295545,3.0,21.902071432319268,19.239557864563277,87.55675949880323,516.9949493661167,0.7253164556962025,12.168459633365273,475.20910984277725,69.15686305984855,2808.050949513912,0.023361561819911003,0.977023720741272,0.0007782094180583954,0.0036087632179260254,0.9059648423866817,0.1360316811326287,0.03041123040020466,0.9876707196235657,0.030487526208162308,0.9900663495063782,0.02493536810115835,0.9737891595138878,0.024138521137817993,0.9801224954673341,0.024124514311552048,0.9811322093009949,0.022552834823727608,0.9633936285972595,0.02076752856373787,0.9633936285972595,0.0008405847132621978,0.00496969837529185,0.0011100455959425506,0.005393200636896074,0.024917982518672943,0.9843137264251709,1741.579551428056,1742.6215247314508,1260.6239517514346,1260.6247729319393,0.0,0.0,1742.485514834206,1260.6223385689354,1719.0,1804.0,1264.0,1266.0,0.0,0.0,19,34,-0.07700039250905884,-0.03987775704071238,-0.01373361766352375,0.14003584311289977,-0.09134882959678951,0.14148280736339713,0.08433064477913346,0.0,4.385380947269368e-15,0.03187004354940995,0.13648616995222107,0.0,0.0,0.0,0.0882313394661726,-0.1676193839116624,0.06367473010018693,-0.07251802512087152,0.10974301751291589,1620.0,1730.438225099391,1741.2322330470338,1753.875483399594,1766.5916738879316,1777.8069282143133,1789.4455844122717,1801.9926406871193,1814.125483399594,1826.2583261120687,1838.3911688245432,1632.9612698372207,1850.3705321112452,1861.0,1646.3367532368147,1659.7122366364088,1673.0877200360026,1686.4632034355964,1697.767619023325,1708.1722565055156,1719.1338095116625,1258.0,1258.0,1258.2322330470338,1258.0,1257.5916738879316,1258.8069282143133,1259.0,1261.0,1264.0,1267.0,1270.0,1259.0,1273.3705321112452,1278.0,1259.0,1259.0,1259.0,1259.0,1260.0,1259.1722565055156,1259.0,267.50966799187836,0.024612262113424394,0.023679035587309327,0.024230893208985794,0.0011756503239989716,0.0008822232969292213,0.000931030177308406
1,20,dauerProtocol1,20220407,nan,0,m2X,p002,0,A01,nan,3044,23793,904,1534,801,1303,851.6245072273324,1417.4444809461236,7.784082984747227,3431,0.9981945549929184,62.255450959525106,1,0.12793678813096288,0.128467284066663,257.8503482762304,251.19912420229494,7.280109889280518,3.5306076744063395,3.1622776601683795,15.976855051576203,15.487408024353368,24.44948258581678,545.6711395993651,0.8872048965316235,11.365102680400014,446.6869766116142,73.8344246968627,2962.04493701458,0.0237582977861166,0.9688715934753418,0.0004577711224555969,0.004242002964019775,0.17563019460838725,0.048818932871914286,0.029068436473608017,0.9800412058830261,0.029068436473608017,0.9858548641204834,0.024599789351515182,0.9668549277307668,0.024255724276236103,0.9730765233293626,0.024216067045927048,0.9731288552284241,0.022812237963080406,0.9609216451644897,0.021499961614608765,0.9609216451644897,0.0007614071099501747,0.0032761115019856097,0.000765303678392003,0.005331786634485455,0.024689096957445145,0.9773098230361938,851.5401764939353,851.6466407001328,1417.290421565809,1417.4879941347972,0.0,0.0,851.6245072273324,1417.4444809461236,822.0,858.0,1337.0,1431.0,0.0,0.0,20,37,0.05197753018908724,0.03221351078164125,-0.005800380121561588,0.04054043197984081,0.011373847867943931,-0.005687566659673626,-7.327471962526033e-15,0.0,0.0,0.0,0.07417101195075348,0.0187538055397396,-0.002708563765531302,0.04466764602236095,-0.08671507277980273,7.327471962526033e-15,-0.013329147587908263,-0.07365893231386988,0.014348236053587371,802.0,846.160283247279,852.0,857.466460506957,863.0,868.0655309854485,873.0,878.0,883.0,888.0,893.0,807.2995352392458,898.0,902.0,812.0,816.4843921553642,821.0,825.0,830.0,835.0,840.1536412268467,1304.0,1407.160283247279,1418.2360679775,1429.466460506957,1440.669068010627,1452.0655309854485,1463.5162816061268,1474.939888403877,1486.3634952016268,1497.7871019993768,1509.2107087971267,1315.2995352392459,1520.6343155948766,1532.0,1326.8472135954999,1338.4843921553643,1350.108640753373,1361.9464611134963,1373.3700679112462,1384.7936747089964,1396.1536412268467,269.8934921923096,0.02452737256850226,0.024050842436107115,0.024244327452397862,0.0006214004361020188,0.0006524769003117849,0.0007637621058814211
1,21,dauerProtocol1,20220407,nan,0,m2X,p002,0,A01,nan,2997,9576,1649,1406,1397,1368,1520.5745745745746,1390.1588254921587,7.731847457726302,3814,0.9976960217846674,61.77296265819928,1,0.31296992481203006,0.12933519517391892,260.324901670397,252.90709756746645,8.0,3.5212614233636965,3.1622776601683795,18.87779725932403,17.66117523353079,82.69525263659357,539.6223663640861,0.785789197692711,12.478217797353864,488.40456223487854,72.89053212665021,2921.4122691750526,0.0237430389970541,0.9702181816101074,0.0005493238568305969,0.004425108432769775,0.16745455860848296,0.06855610073103473,0.028015565127134323,0.9828031063079834,0.0314030684530735,0.9858853816986084,0.024758368645543382,0.9690566711009495,0.024321165207424163,0.9747788685936112,0.024292362853884697,0.9755703210830688,0.022766461595892906,0.9612725973129272,0.021576257422566414,0.9612725973129272,0.000725238517717589,0.004492134512797889,0.0008455393172302933,0.005528959242565531,0.02483787341043353,0.9792935252189636,1520.737133263959,1520.6423662002076,1390.1990212842813,1390.169035019155,0.0,0.0,1520.5745745745746,1390.1588254921587,1435.0,1566.0,1373.0,1401.0,0.0,0.0,21,41,-0.09106368945597007,-0.020839365053606562,0.009061313884931227,-0.15104700484079764,0.08412415201800137,3.316791286067655e-15,-0.08559608694124782,0.07994041967290437,-0.12779632378528707,-0.06487994132963877,0.19086195157468483,-0.022651897638599316,0.0641449204564184,-0.06725732044608665,0.07474376792225065,-0.07163136793258543,-3.0531133177191805e-15,-0.010377981579227508,0.010446117738257127,1398.0,1510.2860013953334,1523.1293108489654,1536.079744917404,1548.9834654947576,1560.216634189982,1571.8708652638982,1583.525096337814,1597.2503952235954,1609.7330534222576,1621.5667447123062,1410.5932267874741,1634.2262338645824,1647.0,1423.3216075670712,1435.39005220336,1447.9099926620954,1460.7695821630577,1473.2522403617197,1485.3206849980088,1497.3891296342981,1369.0,1391.0,1393.1293108489651,1395.0,1396.9834654947576,1397.0,1398.0,1399.0,1399.0,1400.0,1399.4332552876938,1372.5932267874741,1398.0,1399.0,1375.0,1377.0,1379.9099926620954,1382.0,1385.0,1387.0,1389.0,274.50597771562974,0.0247578500611695,0.024098892075817592,0.02416498190020529,0.0007622699570268142,0.0006467208872493451,0.000830850702564382
1,22,dauerProtocol1,20220407,nan,0,m2X,p002,0,A01,nan,3104,23760,915,1746,816,1506,862.2255154639175,1625.9710051546392,8.271550770624179,3871,0.9978525402105101,62.86601265276767,1,0.13063973063973064,0.12089631409280935,265.16454013645193,257.93410011086166,7.615773105863909,3.4731961669321567,3.1622776601683795,18.94092449405929,17.36839477038928,21.410891650224364,568.0142853498728,0.8018599845001292,11.941176539286971,470.02253818511963,74.84216111898422,3027.3599613904953,0.0235599298030138,0.9707026481628418,0.0005493238568305969,0.004806578159332275,0.3425329549854435,0.021051283362227467,0.028091859072446823,0.9798581004142761,0.02833600342273712,0.9869840741157532,0.024570322097298293,0.9671245641669128,0.024111520979054196,0.9753092659118864,0.024109255522489548,0.9756313562393188,0.022766461595892906,0.9619592428207397,0.021103227511048317,0.9619592428207397,0.0007113351969237877,0.0028586499959155584,0.0008182484517059069,0.005914239249011641,0.024643320590257645,0.9803158640861511,862.3245321292144,862.2328265570535,1626.2989144793687,1625.9907460879595,0.0,0.0,862.2255154639175,1625.9710051546392,836.0,886.0,1562.0,1685.0,0.0,0.0,22,42,0.05296439061964375,0.0,-0.08472136109612038,-0.009421833928631829,-0.03461686023394295,0.012716702353277487,-0.02541590617799727,-0.08458024411810006,0.009605262771057,0.08767418517175485,0.17930560181316602,-0.0688781989242151,-6.8833827526759706e-15,0.08472136109612727,-0.04824331037711582,0.02004174538453385,0.0977634923235231,-0.055228728269649974,-0.014333199061291158,817.0,856.0,860.0,864.0,869.0,874.111052360494,879.6306254658227,885.0,890.6697716764802,897.381723813683,904.0821741329021,821.8124663241423,909.6017472382309,913.0,826.0,831.0,836.0,840.0,844.6664287786175,849.0,852.1700410833423,1507.0,1615.3894753007967,1627.53847619537,1639.6874770899435,1651.4222644221438,1663.1110523604939,1674.6306254658225,1686.2124128563714,1697.6697716764802,1708.763447627366,1720.082174132902,1518.8124663241422,1731.6017472382307,1744.0,1530.8837882267737,1542.618575558974,1554.3533628911741,1566.5023637857475,1578.6664287786175,1590.677259949277,1603.1700410833423,276.1171028813156,0.024540464724750445,0.023921752716123977,0.023918722642631094,0.000724432665459522,0.0006331141825366278,0.0007631545887647015
1,23,dauerProtocol1,20220407,nan,0,m2X,p002,0,A01,nan,3181,26966,836,1577,697,1383,739.5919522162842,1501.365608299277,7.828003316619727,9908,0.9698116111155568,63.64098515738543,1,0.11796336126974709,0.1277464967186317,253.1760127408646,236.10379073619296,7.615773105863909,3.545026400910479,3.1622776601683795,60.72371281765796,61.7383289474573,35.26201497797368,559.3868683519033,0.3210536939846589,11.961852489039302,468.6644851565361,79.1191580388695,3097.9085678458214,0.0238498505204916,0.9703822135925293,0.0006103608757257462,0.0035782456398010254,0.24482770834844717,0.059539251582561105,0.02710002288222313,0.9812161326408386,0.05258258804678917,0.9858396053314209,0.024714571258345665,0.9683150519763143,0.024872416862266426,0.9738788330228926,0.024414435029029846,0.9740367531776428,0.02240024507045746,0.9619439840316772,0.021652551367878914,0.9618829488754272,0.0007296372820597761,0.0038541534802815887,0.0023365746675280763,0.004992423860974595,0.025070572271943092,0.9775234460830688,739.3536030781323,739.5441997930487,1501.3096592589152,1501.330046682973,0.0,0.0,739.5919522162842,1501.365608299277,727.0,705.0,1515.0,1425.0,0.0,0.0,23,42,0.0004883780846167696,-0.10951023454413122,-0.10281828135178572,-0.04375893910107154,-0.17591495198968177,-0.11062726281481039,-0.14849689308217956,0.08176194620334926,-0.1070988769972927,0.132682770231205,-0.17322128759040842,0.019024022710419697,0.04306868393309582,-0.022321283941682424,-0.11089074227660856,-0.07889630650248658,-0.11570671517849451,-0.1133535402787087,-0.1152646198415922,700.0,718.8482449684981,726.1256313292356,734.8172312523463,744.508831175457,754.8692388155426,766.1849242404919,778.0680194846607,790.7029437251523,802.923654403271,815.687867965644,701.0347456736183,827.7792893218814,840.0,702.0,702.7744426355853,703.0,703.5333784130946,705.5013672605237,708.536112934142,713.0,1384.0,1499.848244968498,1511.1256313292356,1521.8172312523463,1531.508831175457,1541.0,1548.184924240492,1554.0,1558.0,1563.0,1566.687867965644,1397.0347456736183,1572.0,1575.0,1409.2698484809835,1422.2255573644147,1435.7823376490865,1449.4666215869054,1462.5013672605237,1475.5361129341422,1487.978888860546,285.83556979968336,0.02467094844930104,0.025631888043737186,0.024105626737872095,0.0007510253687618486,0.0033961385069993873,0.0007365385667557503
1,24,dauerProtocol1,20220407,nan,0,m2X,p002,0,A01,nan,2919,23751,1843,1506,1640,1389,1751.6563891743747,1465.474134977732,7.376051984270946,6564,0.9866757271256591,60.96381083136077,1,0.1229000884173298,0.13557388181813915,241.68706712245648,231.94827009486403,7.280109889280518,3.523481683106162,3.1622776601683795,40.27573759765704,39.32227748293899,-61.395159484760086,520.1564209736038,0.4446983546617916,11.03979559801519,422.4983743429184,73.50997208431363,2860.2267936468124,0.0235446710139513,0.9752193689346313,0.0010223537683486938,0.004257261753082275,1.7884883754542826,0.06639988996566479,0.03549248352646828,0.9836728572845459,0.07499809563159943,0.9897916913032532,0.025437317046117947,0.9734985583938212,0.025183272382430157,0.9798652941578665,0.024551765993237495,0.9807583689689636,0.021683070808649063,0.9652857184410095,0.02035553567111492,0.9652857184410095,0.0011929961026260886,0.0029380783103979302,0.004037919264038231,0.005198171899472676,0.02558938041329384,0.9843442440032959,1750.025413702973,1751.7202721773922,1466.2080352984988,1465.4560267665306,0.0,0.0,1751.6563891743747,1465.474134977732,1672.0,1692.0,1499.0,1495.0,0.0,0.0,24,43,-4.04121180963557e-14,0.1292848336437844,-0.1292848336437844,0.1971321025674304,0.056777935280811764,0.03848423638933118,-0.00760841958802061,0.06418471714041152,-0.11437575843784131,0.23143115443231554,-0.2369570240335035,-0.1234402307809428,0.06255653932769567,0.11973003856139508,0.0053301475488387595,0.16079090156644948,0.03367086479356152,0.06645877820192281,0.09287736632618504,1841.0,1766.458284765979,1755.9503789342518,1744.8566866648978,1734.3487808331706,1722.9465361441828,1711.2827166380223,1699.4388937010435,1687.630866005247,1675.5170376955314,1663.6792153183928,1833.370773824713,1651.8007990505403,1641.0,1825.7415476494266,1819.526535036513,1812.6044156424127,1804.2680826859394,1795.9034795417754,1786.3025235541795,1776.537972722367,1390.0,1469.5417152340212,1475.0496210657484,1479.1433133351022,1484.6512191668294,1488.0,1490.7172833619777,1493.0,1495.369133994753,1497.0,1500.0,1399.6292261752867,1500.1992009494597,1503.0,1409.2584523505736,1419.4734649634872,1429.3955843575873,1438.7319173140606,1448.0,1455.6974764458207,1463.0,255.78710255004665,0.024103922619884526,0.026054703602997338,0.02534925637385737,0.001560480451612301,0.005959028467467262,0.0017340674875581672
1,25,dauerProtocol1,20220407,nan,0,m2X,p002,0,A01,nan,3024,30888,1563,1593,1407,1395,1506.5972222222222,1474.6236772486773,8.566084761969972,8935,0.980511184591097,62.050595349916925,2,0.0979020979020979,0.11673944722559887,269.8010062907789,250.04999500099976,7.280109889280518,3.4190961178703794,3.1622776601683795,52.822474318261996,53.005988242268245,39.39035129016964,570.541197284454,0.3384443200895355,11.879133334383368,464.0893257856369,74.01203970611095,2944.186800479889,0.02394140511751175,0.9700617790222168,0.0005035474896430969,0.0035553574562072754,0.4778955184211489,0.06599175274297685,0.02702372707426548,0.9831845760345459,0.03616388142108917,0.9857480525970459,0.024799860823347324,0.9688712438113505,0.024474880855195422,0.9736067461904394,0.024429693818092346,0.9735408425331116,0.022766461595892906,0.9612115621566772,0.02209506370127201,0.9612115621566772,0.0007076587611999446,0.00409679639900366,0.000824654114859817,0.004797800818001657,0.024948500096797943,0.9771572351455688,1506.8045808628847,1506.6468268059714,1475.0542425987342,1474.66720076762,0.0,0.0,1506.5972222222222,1474.6236772486773,1490.0,1544.0,1447.0,1512.0,0.0,0.0,25,46,7.93809462606987e-15,0.04681298152023505,0.09765850174206936,0.08744710337074657,0.12641663139994397,0.07411370559808228,0.1459211945546659,0.07883852101838595,-0.06850236553466793,-0.003135825436069384,-0.0792787841480771,0.05949107413056309,-0.037217706715986676,-0.022273367414576417,-7.93809462606987e-15,0.08144061554290155,0.009722090018880913,0.16639185858065508,0.10412279147862236,1408.0,1510.0136289424536,1519.3205585295627,1528.0,1535.7281269329615,1542.1933757088514,1547.0,1550.907739946458,1553.0,1554.0,1556.0,1419.6767046719028,1558.0,1561.0,1431.3534093438054,1442.7284006059024,1454.2926051252377,1465.9693097971403,1477.6460144690432,1488.9085055785727,1500.1209129177175,1396.0,1456.0136289424538,1466.3205585295627,1476.8874022048253,1488.4299137517964,1500.1933757088514,1512.3643927843668,1524.9077399464577,1538.2030835024107,1551.1224288614326,1564.747095719583,1402.0,1578.080654640978,1591.0,1408.0,1414.7284006059024,1421.0,1427.0,1433.0,1440.0,1447.1209129177178,283.2397209228252,0.024671257023063133,0.024289440273022104,0.024491314056999433,0.0007865213343593211,0.0006813410789382451,0.0007598157438440673
1,26,dauerProtocol1,20220407,nan,0,m2X,p002,0,A01,nan,2685,25872,1626,1590,1430,1458,1517.5519553072625,1508.6372439478585,7.761917419437592,5992,0.9914603644607981,58.469207088979,2,0.10378014842300556,0.12883414573514715,250.74736179906557,233.8076132207846,7.280109889280518,3.3964785651577367,3.1622776601683795,35.97274106002509,32.699557365545324,-55.75821675310506,511.7544007200504,0.44809746328437916,10.286060934886336,401.01608258485794,66.94847054407,2622.5870587825775,0.02369726076722145,0.9692873954772949,0.0007629506289958954,0.006355404853820801,0.5031938657030044,0.012160874878981206,0.035858701914548874,0.9860074520111084,0.06991683691740036,0.9893491864204407,0.02484555781373511,0.9686378806397535,0.024934253461478588,0.9767549567160437,0.024429693818092346,0.9783016443252563,0.02249179780483246,0.9627679586410522,0.02032501809298992,0.9627679586410522,0.0009949068655370995,0.00424495056107716,0.0029697261248272443,0.00743795011671264,0.02522316388785839,0.9836118221282959,1518.03119180543,1517.545887442213,1508.4838280252645,1508.6267050726071,0.0,0.0,1517.5519553072625,1508.6372439478585,1465.0,1477.0,1547.0,1537.0,0.0,0.0,26,46,-0.16266325970625184,-0.12093259775651255,-0.057068013630828585,0.05474189718027089,0.06566674974608633,-0.12040864692636966,-0.057068013630814374,-0.11741670648816793,-0.0035158912683357357,0.17800061138733048,-0.05706801363082814,0.1403153815380085,-0.37777835309081675,0.23746297155280827,-0.046225083357386954,0.0011773287006437982,-0.18856859337145782,-0.04993959331233544,-0.06710801898218,1624.0,1524.8813827355434,1515.0436342563646,1505.791672214813,1497.2468169544477,1488.268695598836,1478.6926403396499,1469.7335715169115,1461.4816094753596,1454.4722881209273,1447.6345396417487,1613.401031176515,1439.2519620415517,1431.0,1601.9736352282837,1590.679142717889,1580.1386081696583,1568.7112122214269,1557.493581630201,1546.2706338873375,1535.49322460422,1460.0,1493.1186172644568,1499.9563657436354,1508.208327785187,1516.7531830455523,1524.7984783008728,1532.30735966035,1541.2664284830885,1550.5183905246404,1560.5277118790727,1570.3654603582513,1461.0,1578.7480379584483,1588.0,1464.0,1465.320857282111,1471.0,1474.0,1477.506418369799,1481.0,1486.75338769789,253.40073270701103,0.024130260571208352,0.025604074339692726,0.025046643931745438,0.0009368209327629336,0.004382770557364158,0.0013447036262521877
1,27,dauerProtocol1,20220407,nan,0,m2X,p002,0,A01,nan,2975,7812,1006,1686,975,1434,987.6551260504202,1559.6705882352942,7.622515949316629,3857,0.9975343084528371,61.54581744998688,1,0.38082437275985664,0.13119027977759123,259.6778113446035,251.79555198613022,8.0,3.5232328131594173,3.1622776601683795,19.794063934807472,18.224320265781834,5.216923940456286,533.8233764908628,0.7713248638838476,12.450431145727634,487.73257052898407,71.83723233267665,2900.9320979118347,0.0235751885920763,0.9697260856628418,0.0005493238568305969,0.005371183156967163,0.07922810826570627,0.04295078278341933,0.0317998006939888,0.9795529246330261,0.03344777598977089,0.9896391034126282,0.024703236400253244,0.9677233542241748,0.02414696885131988,0.975103226188852,0.024124514311552048,0.9757992029190063,0.02238498441874981,0.9600976705551147,0.021499961614608765,0.9600976705551147,0.0008141062919343573,0.0047081824820340125,0.000873021529637925,0.006678763187679278,0.024673838168382645,0.9808079600334167,987.6758309986793,987.6539456737929,1559.7470630563594,1559.7135227954145,0.0,0.0,987.6551260504202,1559.6705882352942,976.0,999.0,1527.0,1645.0,0.0,0.0,27,50,0.0,-0.06600338175716858,0.11850368683385515,-0.07464838624404546,0.0,0.0,0.0,0.0,0.07464838624404702,-0.07464838624404702,-0.08289845885865876,-0.055426844215997306,0.03284615131512014,0.017518946008787672,-0.07575679714514583,0.0,-0.0808185440372351,1.3322676295501878e-15,-0.05250030507668946,985.0,983.0,984.6213203435598,987.0,988.0,990.0,992.0,994.0,996.0,998.0,999.0,984.0,1001.0,1004.0,983.0,982.6792893218812,982.0,981.0,981.0,981.0,982.0,1435.0,1546.532233047034,1558.6213203435598,1570.3966991411012,1582.7431457505077,1595.5038059222875,1608.2644660940673,1621.0251262658471,1633.785786437627,1646.5464466094068,1658.8928932188135,1447.3464466094067,1671.6535533905933,1684.0,1459.6928932188134,1472.3207106781188,1483.9715728752537,1497.1464466094067,1510.7355339059327,1521.8393398282203,1534.185786437627,271.7817459305205,0.024403302277931825,0.023893481772720118,0.024197141133093063,0.0008282543328189492,0.0007222657750079253,0.0008198324999847921
1,28,dauerProtocol1,20220407,nan,0,m2X,p002,0,A01,nan,3280,16443,1436,1791,1373,1530,1412.482012195122,1657.0685975609756,8.396066153162984,7475,0.9857631365850553,64.62372402400943,1,0.19947698108617648,0.11910339696683761,271.6081302881762,262.21365334398587,7.615773105863909,3.519394683959962,3.1622776601683795,44.386795935053456,45.66817402488762,9.112694105583723,588.2741699796952,0.4387959866220736,13.061738047748804,506.2954906821251,80.91168116591871,3199.166980266571,0.0240329597145319,0.9719539284706116,0.0005493257194757462,0.0034180283546447754,0.47327748351029786,0.09850389114430441,0.02885480970144272,0.9821316599845886,0.04087891802191734,0.9863431453704834,0.02502248668151112,0.9699147331075193,0.02466819547741424,0.9753557866666375,0.024582283571362495,0.9754024744033813,0.022964827716350555,0.9622186422348022,0.021713588386774063,0.9622186422348022,0.0008552130432547316,0.0034764690101173816,0.0010621560963771392,0.004664423105624055,0.02514686807990074,0.9787747263908386,1412.5984403222756,1412.505626301892,1657.5273306724962,1657.1642290962138,0.0,0.0,1412.482012195122,1657.0685975609756,1427.0,1419.0,1659.0,1649.0,0.0,0.0,28,54,0.033400421282914206,0.15482487631640618,0.0735180060181797,0.14934509164379284,0.06433139110312025,0.07636916226910762,0.0,0.15748827222035722,-0.1674050023190219,0.03311065294837068,-0.09055206980003572,-0.0565889058527389,-0.04359073644443856,-0.04607719850202607,-7.549516567451064e-15,2.2426505097428162e-14,0.0032522002591774957,0.16605054100634642,0.0,1374.0,1422.0,1426.0,1428.0,1429.0,1428.0,1426.0,1423.0,1420.0,1415.0075378797542,1412.297918471983,1378.7096194077712,1409.0,1407.0,1383.0,1388.0,1393.5455844122716,1399.669417382416,1405.7932503525606,1411.9170833227047,1418.0,1531.0,1643.0614177668626,1656.0649711574558,1669.8969516727952,1684.1431457505078,1696.7324855787278,1710.5644660940675,1723.9822330470338,1737.4,1749.9924621202458,1762.702081528017,1543.7096194077712,1775.9964466094068,1789.0,1556.5928932188135,1569.1822330470338,1581.5455844122716,1593.669417382416,1605.7932503525606,1617.917083322705,1630.0578643762694,293.2081528017134,0.024602480748575257,0.02459877491450044,0.0248079551646444,0.0007579240541651282,0.0012273836869731766,0.0008388021082081594
1,29,dauerProtocol1,20220407,nan,0,m2X,p002,0,A01,nan,3413,27840,855,1743,615,1627,743.6636390272488,1661.874890125989,8.659313812472075,11928,0.9709176704078175,65.9209114483493,1,0.1225933908045977,0.11548259153741403,272.5856229766377,251.7180962902747,7.280109889280518,3.509929807195638,3.1622776601683795,68.09191341387918,65.26070839335193,69.33272958004805,609.4173516239528,0.28613346747149565,12.585839675739408,490.2959491610527,86.57599792443216,3341.336523413658,0.02366674318909645,0.9760891199111938,0.0009155403822660446,0.0030594468116760254,0.990150397852498,0.03524199266664896,0.03453116491436958,0.9852750301361084,0.054734110832214355,0.9881284832954407,0.02497190411853057,0.9728094229385966,0.025366539093006787,0.9790027903350889,0.024490730836987495,0.9801785349845886,0.021698329597711563,0.965148389339447,0.02092011831700802,0.963744580745697,0.0012447634409879721,0.0045312315806297675,0.0036447816287213295,0.0049766032246650925,0.02554360218346119,0.9827115535736084,742.6780442665041,743.6439302562851,1661.9697625559152,1661.8456743358367,0.0,0.0,743.6636390272488,1661.874890125989,805.0,696.0,1686.0,1631.0,0.0,0.0,29,58,-0.0665103064875574,-0.025442767974486802,0.1076801406212749,0.07641535491099571,0.05058159351451019,0.04906779812350448,0.09882750046997812,-0.14317272986344232,0.18202703929659836,0.006177943075774461,0.12409887227269412,0.043285637261058274,0.07107375707496627,0.07963766231713709,0.07399636864558329,0.32185306987422074,-0.026945298468325884,0.1794621079666528,0.21703682887658937,616.0,735.3199914398966,747.8259754979057,760.469461706134,772.7026474195005,784.3299518210692,795.6643630038245,806.7058809677662,815.918971806962,827.1987699706124,836.7453911968626,628.4650267414004,846.0798023796178,853.0,640.9710107994096,653.897448445826,667.0192555962584,680.5712281673074,694.5294383716077,708.5506640109976,721.6424345066337,1663.0,1639.3199914398965,1645.8259754979058,1652.0,1659.7026474195006,1668.3299518210692,1677.6643630038245,1687.7058809677665,1697.918971806962,1707.2981549559186,1718.7453911968628,1657.5349732585996,1730.0798023796178,1741.0,1651.0289892005903,1645.0,1639.9807444037417,1636.0,1633.0,1634.5506640109977,1635.6424345066337,304.0170178283932,0.025421052463063927,0.026594953626322318,0.023965733201653197,0.0023407349544596434,0.005063487103025794,0.0010706641636168517
1,30,dauerProtocol1,20220407,nan,0,m2X,p002,0,A01,nan,2778,19701,1522,1859,1423,1660,1453.886249100072,1748.1526277897767,7.025829802506443,6046,0.9858729924190203,59.47318265633917,1,0.14100807065631185,0.14233194200680083,229.41892699943108,220.4835594777987,7.615773105863909,3.5267169252798416,3.1622776601683795,42.1568596002955,38.426432635819225,-22.616320424087945,495.2447327281724,0.4594773403903407,10.601388612762094,412.64669185876846,67.58460396155715,2715.405081152916,0.02362096682190895,0.9738917946815491,0.0007019154727458954,0.0035858750343322754,0.7026978078783991,0.08105161724248304,0.02868696115911007,0.9824521541595459,0.029800869524478912,0.9865415692329407,0.025003275030099276,0.973223329855586,0.024328511145268954,0.9774676318045054,0.024307621642947197,0.9778286218643188,0.021820401772856712,0.9651026129722595,0.02069123461842537,0.9651026129722595,0.0010825413022704953,0.0030747061921630706,0.0010593033668909596,0.0043686471023726275,0.025040054693818092,0.9810788035392761,1454.155565725323,1453.8535702880124,1747.503587910755,1748.2267996166383,0.0,0.0,1453.886249100072,1748.1526277897767,1446.0,1457.0,1747.0,1710.0,0.0,0.0,30,59,0.013895767312514629,0.11472828384185707,-0.013281113755178042,-0.16787417448174402,0.1314046580323749,-0.027568297423332222,-0.0244043630519164,-0.08844994154910824,0.07761351116229176,0.03547648535363446,0.06165441516046899,-0.052208904006309176,-0.06319938409194625,-0.08201442792907754,0.05859234417531445,-0.203283524104386,-0.07879267125723155,-0.2424023830182478,-0.1539895855842066,1520.0,1448.2092598068198,1446.2767255461847,1443.0697499956595,1440.0,1438.9033701383391,1436.448683407419,1434.1153170200585,1432.0,1431.0,1429.2119468817195,1510.4239929255202,1427.0,1424.0,1500.7850195288688,1491.3846360744897,1482.281758139708,1473.998082728105,1465.0084236471887,1458.0,1451.8564094982291,1661.0,1735.1629607727211,1746.7232744538153,1757.8605000086811,1769.0794175570197,1780.096629861661,1790.551316592581,1801.8846829799415,1813.5994763092608,1824.6567140131322,1835.2119468817195,1667.5760070744798,1845.9427622961286,1857.0,1674.0,1681.0,1688.718241860292,1697.0,1704.9915763528113,1714.3884706182803,1724.1435905017709,245.99756781981367,0.02420667078223873,0.024077698267282975,0.024792979438853478,0.0010680986118627412,0.0008807965250514056,0.0008942680005979302
